类别名称,问题,回答
劳动关系,劳务派遣人员适用的工作岗位有什么要求？,临时性、辅助性或者替代性的工作岗位。
劳动关系,用人单位与劳动者解除（终止）劳动合同后，多长时间要进行备案？,15日内。
劳动关系,劳动者本人是否应留存一份劳动合同文本？,劳动合同文本由用人单位和劳动者各执一份。
劳动关系,用人单位在终止劳动合同时是否需要提前通知劳动者？,劳动合同期限届满前，用人单位应当提前三十日将终止或者续订劳动合同的意向以书面形式通知劳动者。
劳动关系,有固定期限劳动合同期限届满后，因用人单位的原因未办理终止或者续订手续而形成事实劳动关系的怎么办？,除劳动者本人不同意续订外，用人单位应当与劳动者续订劳动合同。
劳动关系,用人单位对已经解除或者终止的劳动合同的文本，保存多久备查？,至少保存三年备查。
劳动关系,订立集体合同的期限有什么要求？,集体合同期限一般为一至三年。
劳动关系,用人单位可以设立劳务派遣单位向本单位派遣劳动者吗？,不可以。
劳动关系,用人单位能多次“试用”同一劳动者吗？,同一用人单位与同一劳动者只能约定一次试用期。
劳动关系,用人单位能扣押劳动者的居民身份证和其他证件吗？,不能。
劳动关系,已建立劳动关系未同时订立书面劳动合同的，应当自用工之日起多长时间内订立书面劳动合同？,应当自用工之日起一个月内订立书面劳动合同。
劳动关系,劳动合同有哪几种类型？,有三种类型。一是固定期限劳动合同；二是无固定期限劳动合同；三是以完成一定工作任务为期限的劳动合同。
劳动关系,劳动者在同一用人单位连续工作满十年，劳动者提出订立无固定期限的劳动合同，用人单位必须签订吗？,应当订立无固定期限劳动合同。
劳动关系,用人单位自用工之日起多长时间内不与劳动者订立书面劳动合同的，视为用人单位与劳动者已订立无固定期限劳动合同？,用人单位自用工之日起满一年不与劳动者订立书面劳动合同的。
劳动关系,用人单位自用工之日起即与劳动者建立劳动关系。用人单位与劳动者建立劳动关系多长时间内，应当到人社部门进行劳动用工备案？,一个月内。
劳动关系,劳动合同期限三个月以上不满一年的，试用期不得超过多长时间？,试用期不得超过一个月。
劳动关系,劳动合同期限一年以上不满三年的，试用期不得超过多长时间？,试用期不得超过二个月。
劳动关系,三年以上固定期限和无固定期限的劳动合同，试用期不得超过多长时间？,试用期不得超过六个月。
劳动关系,劳动者在试用期的工资有何规定？,劳动者在试用期的工资不得低于本单位相同岗位最低档工资或者劳动合同约定的百分之八十，并不得低于用人单位所在地的最低工资标准。
劳动关系,对负有保密义务的劳动者，用人单位可以在劳动合同或者保密协议中与劳动者约定什么条款？,约定竞业限制条款。
劳动关系,竞业限制的期限不得超过几年？,不得超过二年。
劳动关系,以欺诈、胁迫的手段或者乘人之危，使对方在违背真实意思的情况下订立或者变更劳动合同的有效吗？,无效。
劳动关系,对劳动合同的无效或者部分无效有争议的，由谁确认？,由劳动争议仲裁机构或者人民法院来确认。
劳动关系,用人单位拖欠或未足额支付劳动报酬，劳动者可以向哪个部门申请支付令？,劳动者可以依法向当地人民法院申请支付令，人民法院应当依法发出支付令。
劳动关系,用人单位发生分立或者合并的，原劳动合同继续有效，由谁继续履行？,劳动合同由承继其权利和义务的用人单位继续履行。
劳动关系,劳动合同约定的内容在什么情况下可以变更？,用人单位与劳动者协商一致，可以变更劳动合同约定的内容。
劳动关系,劳动者在哪些情形下可以解除劳动合同且应得到经济补偿？,"（一）未按照劳动合同约定提供劳动保护或者劳动条件的；
（二）未及时足额支付劳动报酬的；
（三）未依法为劳动者缴纳社会保险费的；
（四）用人单位的规章制度违反法律、法规的规定，损害劳动者权益的；
（五）因本法第二十六条第一款规定的情形致使劳动合同无效的；
（六）法律、行政法规规定劳动者可以解除劳动合同的其他情形。
用人单位以暴力、威胁或者非法限制人身自由的手段强迫劳动者劳动的，或者用人单位违章指挥、强令冒险作业危及劳动者人身安全的，劳动者可以立即解除劳动合同，不需事先告知用人单位。
"
劳动关系,劳动者必须遵守用人单位的规章制度，如果劳动者违反了用人单位的规章制度，用人单位就可以随时解除劳动者的劳动合同吗？,不可以。当劳动者严重违反用人单位的规章制度的时候，用人单位才可以解除劳动合同。
劳动关系,劳动者患病或者非因工负伤，在规定的医疗期满后不能从事原工作，也不能从事用人单位另行安排的工作时，用人单位应该如何处理？,用人单位可以提前三十日以书面形式通知劳动者本人或者额外支付一个月工资后，与其解除劳动合同。
劳动关系,劳动者被依法追究刑事责任的，用人单位能否与其解除劳动合同？,可以。
劳动关系,因劳动合同订立时所依据的客观情况发生重大变化，致使劳动合同无法履行。经用人单位与劳动者协商，未能就变更劳动合同内容达成协议的，用人单位应当按什么程序解除劳动合同？,用人单位提前三十日以书面形式通知劳动者本人或额外支付一个月工资后，解除劳动合同。
劳动关系,什么情形下劳动合同终止？,"（一）劳动合同期满的；
（二）劳动者开始依法享受基本养老保险待遇的；
（三）劳动者死亡，或者被人民法院宣告死亡或者宣告失踪的；
（四）用人单位被依法宣告破产的；
（五）用人单位被吊销营业执照、责令关闭、撤销或者用人单位决定提前解散的；
（六）法律、行政法规规定的其他情形。
"
劳动关系,职工患病，在规定的医疗期内劳动合同期满，劳动合同何时终止？,劳动合同续延到医疗期满时终止。
劳动关系,女职工在孕期、产期、哺乳期时劳动合同期满，劳动合同如何终止？,劳动合同应当延续至孕期、产期、哺乳期期满时终止。
劳动关系,用人单位提出并经与劳动者协商一致解除劳动合同的，用人单位是否须支付经济补偿？,应当向劳动者支付经济补偿。
劳动关系,劳动者病愈后不能工作，单位解除劳动合同时要支付经济补偿吗？,应支付经济补偿。
劳动关系,企业破产或倒闭，单位需要支付经济补偿吗？,用人单位需要支付经济补偿。
劳动关系,经济补偿的支付标准是什么？,"经济补偿按劳动者在本单位工作的年限，每满一年支付一个月工资的标准向劳动者支付。六个月以上不满一年的，按一年计算；不满六个月的，向劳动者支付半个月工资的经济补偿。
劳动者月工资高于用人单位所在直辖市、设区的市级人民政府公布的本地区上年度职工月平均工资三倍的，向其支付经济补偿的标准按职工月平均工资三倍的数额支付，向其支付经济补偿的年限最高不超过十二年。
"
劳动关系,计算经济补偿的月工资指什么？,经济补偿的月工资是指劳动者在劳动合同解除或者终止前十二个月的平均工资，按照劳动者应得工资计算，包括计时工资或者计件工资以及奖金、津贴和补贴等货币性收入。劳动者在劳动合同解除或者终止前12个月的平均工资低于当地最低工资标准的，按照当地最低工资标准计算。劳动者工作不满12个月的，按照实际工作的月数计算平均工资。
劳动关系,用人单位违法解除或终止劳动合同，需要向劳动者支付多少赔偿金？,劳动者不要求继续履行劳动合同或者劳动合同已经不能继续履行的，用人单位应当按经济补偿标准的二倍支付赔偿金。
劳动关系,劳动合同终止后，用人单位应当在多少日内为劳动者办理档案和社会保险关系转移手续？,在十五日内为劳动者办理档案和社会保险关系转移手续。
劳动关系,建立劳务派遣单位要求有多少注册资本？,注册资本不得少于人民币二百万元。
劳动关系,劳务派遣单位与劳动者订立劳动合同期限有什么要求？,劳务派遣单位应当与被派遣劳动者订立二年以上的固定期限劳动合同。
劳动关系,《劳动合同法》对劳动合同试用期有哪些规定？,"劳动合同期限三个月以上不满一年的，试用期不得超过一个月；劳动合同期限一年以上不满三年的，试用期不得超过二个月；三年以上固定期限和无固定期限的劳动合同，试用期不得超过六个月。
同一用人单位与同一劳动者只能约定一次试用期。
以完成一定工作任务为期限的劳动合同或者劳动合同期限不满三个月的，不得约定试用期。
试用期包含在劳动合同期限内。劳动合同仅约定试用期的，试用期不成立，该期限为劳动合同期限。
"
劳动关系,被派遣劳动者是否享有与用工单位的劳动者同工同酬的权利？,被派遣劳动者享有与用工单位的劳动者同工同酬的权利。
劳动关系,非全日制用工，劳动者在同一用人单位一般平均工作时间是怎样规定的？,每日工作时间不超过四小时，每周工作时间累计不超过二十四小时。
劳动关系,非全日制用工双方当事人能约定试用期吗？,非全日制用工双方当事人不得约定试用期。
劳动关系,非全日制用工情况下，劳动合同双方当事人任何一方都可以随时通知对方终止用工吗？,任何一方都可以随时通知对方终止用工。
劳动关系,非全日制用工终止时，用人单位需要向劳动者支付经济补偿吗？,无需向劳动者支付经济补偿。
劳动关系,非全日制用工小时计酬标准不得低于什么标准？,不得低于用人单位所在地人民政府规定的最低小时工资标准。
劳动关系,非全日制用工劳动报酬结算支付周期最长不得超过多少天？,周期最长不得超过十五日。
劳动关系,《劳动合同法》什么时候开始实施？,《劳动合同法》自2008年1月1日起施行。
劳动关系,用人单位自用工之日起超过一个月不满一年未与劳动者订立书面劳动合同的，用人单位向劳动者每月支付两倍工资的起算和截止的时间是什么？,起算时间为用工之日起满一个月的次日，截止时间为补订书面劳动合同的前一日。
劳动关系,用人单位未按照劳动合同的约定及时足额支付劳动者劳动报酬和加班费，且解除或者终止劳动合同时未依法向劳动者支付经济补偿的，如何处理？,由劳动行政部门责令限期支付劳动报酬、加班费或者经济补偿；逾期不支付的，责令用人单位按应付金额百分之五十以上百分之一百以下的标准向劳动者加付赔偿金。
劳动关系,用人单位自用工之日起满一年未与劳动者订立书面劳动合同的，应当依照劳动合同法第八十二条的规定向劳动者每月支付两倍的工资的时间是什么？,自用工之日起满一个月的次日至满一年的前一日。
劳动关系,吉林省各地现行最低工资标准是什么？,长春、吉林市区最低工资标准每月1480元，非全日制用工最低工资标准每小时13.5元；四平、辽源、通化、白山、松原市区和延吉市、珲春市、前郭县最低工资标准每月1380元，非全日制用工最低工资标准每小时12.5元；白城市区、长白山保护开发区、梅河口市、公主岭市和其他县（市）最低工资标准每月1280元，非全日制用工最低工资标准每小时11.5元。
劳动关系,地方各级人民政府及县级以上地方人民政府有关部门为安置就业困难人员提供的给予岗位补贴和社会保险补贴的公益性岗位，其劳动合同不适用于哪方面规定？,不适用劳动合同法有关无固定期限劳动合同的规定以及支付经济补偿的规定。
劳动关系,劳动合同履行地与用人单位注册地不一致的，有关劳动者的最低工资标准、劳动保护、劳动条件、职业危害防护和本地区上年度职工月平均工资标准等事项，按照哪个地区的有关规定执行？,按照劳动合同履行地的有关规定执行；用人单位注册地的有关标准高于劳动合同履行地的有关标准，且用人单位与劳动者约定按照用人单位注册地的有关规定执行的，从其约定。
劳动关系,《劳动合同法》对非全日制用工有什么规定？,"非全日制用工，是指以小时计酬为主，劳动者在同一用人单位一般平均每日工作时间不超过四小时，每周工作时间累计不超过二十四小时的用工形式。
非全日制用工双方当事人可以订立口头协议。
从事非全日制用工的劳动者可以与一个或者一个以上用人单位订立劳动合同；但是，后订立的劳动合同不得影响先订立的劳动合同的履行。
非全日制用工双方当事人不得约定试用期。
非全日制用工双方当事人任何一方都可以随时通知对方终止用工。终止用工，用人单位不向劳动者支付经济补偿。
非全日制用工小时计酬标准不得低于用人单位所在地人民政府规定的最低小时工资标准。
非全日制用工劳动报酬结算支付周期最长不得超过十五日。
"
劳动关系,劳动合同应当由用人单位法定代表人或者主要负责人代表用人单位与劳动者签订。因特殊原因法定代表人或者主要负责人不能签字的，怎么办？,可以书面委托他人代签。
劳动关系,劳动者离开工作岗位但仍与单位保留劳动关系需要怎样变更劳动合同？,需要就相关内容协商签订专项协议。
劳动关系,在哪些情形下用人单位与劳动者解除约定服务期的劳动合同的，劳动者也应当按照劳动合同的约定向用人单位支付违约金？,"（一）劳动者严重违反用人单位的规章制度的；
（二）劳动者严重失职，营私舞弊，给用人单位造成重大损害的；
（三）劳动者同时与其他用人单位建立劳动关系，对完成本单位的工作任务造成严重影响，或者经用人单位提出，拒不改正的；
（四）劳动者以欺诈、胁迫的手段或者乘人之危，使用人单位在违背真实意思的情况下订立或者变更劳动合同的；
（五）劳动者被依法追究刑事责任的。
"
劳动关系,用人单位可以招聘未满十六周岁的劳动者吗？,"用人单位不得招用未满十六周岁的未成年人。
文艺、体育和特种工艺单位招用未满十六周岁的未成年人，必须依照国家有关规定，履行审批手续，并保障其接受义务教育的权利。
"
劳动关系,用人单位在哪些情形下应当与劳动者订立无固定期限劳动合同？,"有下列情形之一，劳动者提出或者同意续订、订立劳动合同的，除劳动者提出订立固定期限劳动合同外，应当订立无固定期限劳动合同：
（一）劳动者在该用人单位连续工作满十年的；
（二）用人单位初次实行劳动合同制度或者国有企业改制重新订立劳动合同时，劳动者在该用人单位连续工作满十年且距法定退休年龄不足十年的；
（三）连续订立二次固定期限劳动合同，且劳动者没有劳动合同法第三十九条和第四十条第一项、 第二项规定的情形，续订劳动合同的。
用人单位自用工之日起满一年不与劳动者订立书面劳动合同的，视为用人单位与劳动者订立无固定期限劳动合同。
"
劳动关系,劳动合同应当具备哪些条款？,"（一）用人单位的名称、住所和法定代表人或者主要负责人；
（二）劳动者的姓名、住址和居民身份证或者其他有效身份证件号码；
（三）劳动合同期限；
（四）工作内容和工作地点；
（五）工作时间和休息休假；
（六）劳动报酬；
（七）社会保险；
（八）劳动保护、劳动条件和职业危害防护；
（九）法律、法规规定应当纳入劳动合同的其他事项。
劳动合同除前款规定的必备条款外，用人单位与劳动者可以约定试用期、培训、保守秘密、补充保险和福利待遇等其他事项。
"
劳动关系,在哪些情况下，用人单位可以与劳动者约定由劳动者承担违约金？,"一是用人单位为劳动者提供专项培训费用，对其进行专业技术培训，约定服务期的；
二是用人单位与负有保密义务的劳动者约定了竞业限制条款，并约定在解除或者终止劳动合同后，在竞业限制期限内按月给予劳动者经济补偿的。
"
劳动关系,哪些情形用人单位需每月向劳动者支付二倍工资？,"用人单位自用工之日起超过一个月不满一年未与劳动者订立书面劳动合同的，应当向劳动者每月支付二倍的工资。
用人单位违反本法规定不与劳动者订立无固定期限劳动合同的，自应当订立无固定期限劳动合同之日起向劳动者每月支付二倍的工资。
"
劳动关系,劳动者在试用期间被证明不符合录用条件的；用人单位可以与劳动者提出解除劳动关系吗？,可以。
劳动关系,劳动者严重违反用人单位的规章制度的；用人单位提出解除劳动合同合法吗？,合法。
劳动关系,劳动者严重失职，营私舞弊，给用人单位造成重大损害的；用人单位可以提出解除劳动关系吗？,可以。
劳动关系,劳动者同时与其他用人单位建立劳动关系，对完成本单位的工作任务造成严重影响，或者经用人单位提出，拒不改正的；用人单位是否可以提出解除劳动关系？,可以。
劳动关系,劳动者以欺诈、胁迫的手段或者乘人之危，使用人单位在违背真实意思的情况下订立或者变更劳动合同的；用人单位是否可以提出解除劳动关系？,可以。
劳动关系,劳动者被依法追究刑事责任的；用人单位是否可以提出解除劳动关系？,可以。
劳动关系,劳动者患病或者非因工负伤，在规定的医疗期满后不能从事原工作，也不能从事由用人单位另行安排的工作的；用人单位是否可以提出解除劳动关系？,可以。
劳动关系,劳动者不能胜任工作，经过培训或者调整工作岗位，仍不能胜任工作的；用人单位是否可以提出解除劳动关系？,可以。
劳动关系,劳动合同订立时所依据的客观情况发生重大变化，致使劳动合同无法履行，经用人单位与劳动者协商，未能就变更劳动合同内容达成协议的；用人单位是否可以提出解除劳动关系？,可以。
劳动关系,用人单位依照《劳动合同法》第四十条的规定，选择额外支付劳动者一个月工资解除劳动合同的，其额外支付的工资按什么标准确定？,应当按照该劳动者上一个月的工资标准确定。
劳动关系,用人单位扣押居民身份证等证件、收取财务、扣押劳动者档案或其他财务的，应当承担什么责任？,"用人单位扣押劳动者居民身份证等证件的，由劳动保障行政部门责令限期退还劳动者本人，并依照有关法律、法规规定给予处罚。
用人单位以担保或者其他名义向劳动者收取财物的，由劳动保障行政部门责令限期退还劳动者本人，并以每人五百元以上二千元以下的标准处以罚款；给劳动者造成损害的，应当承担赔偿责任。
劳动者依法解除或者终止劳动合同，用人单位扣押劳动者档案或者其他物品的，依照前款规定处罚。
"
劳动关系,用人单位违反劳动合同法的规定解除或者终止劳动合同，依照劳动合同法第八十七条的规定支付了赔偿金的，还支付经济补偿吗？,不再支付经济补偿。
劳动关系,用人单位违反劳动合同法的规定解除或者终止劳动合同，依照劳动合同法第八十七条的规定支付的赔偿金，年限从什么时间开始计算？,自用工之日起计算。
劳动关系,计算经济补偿时，劳动者在劳动合同解除或者终止前12个月的平均工资低于当地最低工资标准的，怎么计算？,按照当地最低工资标准计算。
劳动关系,计算经济补偿时，劳动者工作不满12个月的，如何计算？,按照实际工作的月数计算平均工资。
劳动关系,用人单位或者其所属单位出资或者合伙设立的劳务派遣单位，向本单位或者所属单位派遣劳动者可以吗？,不可以。
劳动关系,对怀孕7个月以上的女职工，用人单位是否可以延长劳动时间或者安排夜班劳动？,不可以。
劳动关系,怀孕女职工产前检查时间是否计入劳动时间？,怀孕女职工在劳动时间内进行产前检查，所需时间计入劳动时间。
劳动关系,女职工生育产假有何规定？,女职工生育享受158天产假，其中产前可以休假15天；难产的，增加产假15天；生育多胞胎的，每多生育1个婴儿，增加产假15天。
劳动关系,女职工产前可以休假多少天？,产前可以休假15天。
劳动关系,难产增加产假多少天？,增加产假15天。
劳动关系,提成、差旅费、社会保险和住房公积金缴费是否记入月工资？,个人缴费部分应计入月工资。
劳动关系,职工在患病医疗期内用人单位按照什么标准支付工资？,不得低于当地最低工资标准的80%。
劳动关系,职工被辞退，单位应当在什么时间结清工资？,企业应当在劳动合同终止（解除）之前，一次性付清劳动者应得的工资。
劳动关系,工厂效益不好可以用产品替代工资发放给劳动者吗？,不可以。
劳动关系,最低工资是否包括加班加点工资？,最低工资不包括加班加点工资。
劳动关系,吉林省高温津贴有哪些规定？,企业安排劳动者在高温天气下（日最高气温达到35℃以上）露天工作以及不能采取有效措施将工作场所温度降低到33℃以下（不含33℃）的，每日应当向劳动者支付高温津贴10元以上。
劳动关系,企业职工前夜班津贴标准？,前夜班每班津贴10元以上。
劳动关系,企业职工后夜班津贴标准？,后夜班每班津贴12元以上。
劳动关系,井下采掘工津贴标准？,提高到25元/工以上。
劳动关系,井下辅助工津贴标准？,提高到20元/工以上。
劳动关系,安检人员及基层干部、技术人员和管理人员津贴标准？,提高到20元/工以上。
劳动关系,职工享受带薪年休假的条件？,职工连续工作满12个月以上的。
劳动关系,职工累计工作已满1年不满10年的，享受休假天数？,年休假5天。
劳动关系,职工累计工作已满10年不满20年的，享受休假天数？,年休假10天。
劳动关系,职工累计工作已满20年的，享受休假天数？,年休假15天。
劳动关系,国家法定休假日、休息日是否计入年休假的假期？,不计入年休假的假期。
劳动关系,职工什么情形下不享受当年的年休假？,"（一）职工依法享受寒暑假，其休假天数多于年休假天数的；
（二）职工请事假累计20天以上且单位按照规定不扣工资的；
（三）累计工作满1年不满10年的职工，请病假累计2个月以上的；
（四）累计工作满10年不满20年的职工，请病假累计3个月以上的；
（五）累计工作满20年以上的职工，请病假累计4个月以上的。
"
劳动关系,单位确因工作需要不能安排职工休年休假的，经职工本人同意，如何补偿？,对职工应休未休的年休假天数，单位应当按照该职工日工资收入的300%支付年休假工资报酬。
劳动关系,企业什么时间开始依法享受带薪休假？,2008年1月1日起施行。
劳动关系,计算职工未休年休假工资报酬的月工资指什么？,月工资是指职工在用人单位支付其未休年休假工资报酬前12个月剔除加班工资后的月平均工资。
劳动关系,职工依法享受的探亲假、婚丧假、产假等国家规定的假期以及因工伤停工留薪期间是否计入年休假？,不计入年休假。
劳动关系,职工确因工作需要，职工享受的寒暑假天数少于其年休假天数的，用人单位是否应为其安排补休？,应当安排补足年休假天数。
劳动关系,用人单位安排职工休年休假，但是职工因本人原因且书面提出不休年休假的，工资应怎么支付？,用人单位可以只支付其正常工作期间的工资收入。
劳动关系,未休年休假工资报酬的日工资收入中，月计薪天数是多少？,月计薪天数为21.75天。
劳动关系,劳务派遣单位的职工，连续工作已满十二个月，是否享受年休假？,享受。
劳动关系,劳动者在法定节假日工作，加班工资是如何规定的？,按照不低于劳动合同约定的劳动者本人日或小时工资标准的300%支付加班工资。
劳动关系,企业是否可以安排补休替代支付法定节假日加班工资？,除劳动者本人同意补休且企业安排补休时间不少于加班时间的三倍以外，企业不得以安排补休替代支付加班工资。
劳动关系,用人单位工作制分为几种？,分为标准工时制、综合计算工时工作制和不定时工作制。
劳动关系,实行标准工时制的，工作时间是如何规定？,劳动者每日工作8小时，每周工作40小时。
劳动关系,企业依法在工作日安排劳动者延长工作时间的，加班工资怎样支付？,按照不低于劳动合同约定的劳动者本人小时工资标准的150%支付加班工资。
劳动关系,工作日加班，若劳动者和企业协商一致，对劳动者实行补休且补休时间不少于加班时间的，是否可不支付加班工资？,可以。
劳动关系,企业依法在休息日安排劳动者工作的，企业应首先怎样做？,应首先安排其补休。
劳动关系,休息日安排加班，补休时间怎样规定？,补休时间不得少于加班时间。
劳动关系,休息日加班企业不能安排其补休的，应有何补偿？,按照不低于劳动合同约定的劳动者本人日或小时工资标准的200%支付加班工资。
劳动关系,劳动者依法享受年休假、探亲假、婚假、丧假、计划生育（产）假等假期期间，工资如何支付？,劳动者依法享受年休假、探亲假、婚假、丧假、计划生育（产）假等假期期间，企业应按有关规定或劳动合同约定的标准支付劳动者工资。有关规定或劳动合同约定不明确的，按照本人休假前12个月实得的平均工资为基数支付应付劳动者的工资。
劳动关系,企业确因生产经营困难，暂时无法按时足额支付劳动者工资的，应当向劳动者说明情况，并经与工会或者职工代表协商一致后，可以延期支付工资，但最长不得超过多长时间？,30日。
劳动关系,非因劳动者本人原因造成单位停工停产，工资如何支付？,未超过一个工资支付周期的，企业应按劳动合同的约定支付劳动者工资。超过一个工资支付周期，企业可与劳动者重新协商变更劳动合同中有关工资支付的内容，并按变更后的劳动合同约定支付劳动者工资。
劳动关系,国家规定的法定节假日全年共有多少天？,11天。
劳动关系,职工全年月平均制度工作天数？,20.83天/月。
劳动关系,最低工资标准中含社会保险费用吗？,包含企业代扣代缴的应由劳动者个人负担的各项社会保险费用。
劳动关系,被派遣劳动者应与用工单位签订劳动合同吗？,不是，应与劳务派遣单位签订劳动合同。
劳动关系,劳务派遣单位跨地区派遣劳动者的，被派遣劳动者享有的劳动报酬和劳动条件，按照什么标准执行,用工单位所在地的标准执行。
劳动关系,用工单位是否可以将被派遣劳动者再派遣到其他用人单位？,用工单位不得将被派遣劳动者再派遣到其他用人单位。
劳动关系,被派遣劳动者享有与用工单位的劳动者什么权利？,同工同酬的权利。
劳动关系,吉林省最低工资标准？,长春、吉林市区最低工资标准1480元／月，非全日制用工最低工资标准13.5元／小时；四平、辽源、通化、白山、松原市区和延吉市、珲春市、前郭县最低工资标准1380元／月，非全日制用工最低工资标准12.5元／小时；白城市区、长白山保护开发区、梅河口市、公主岭市和其他县（市）最低工资标准1280元／月，非全日制用工最低工资标准11.5元／小时。
劳动关系,现行执行的最低工资标准是从什么时间开始执行的？,2015年12月1日起执行。
劳动关系,《劳务派遣经营许可证》有效期是多长时间？,3年。
劳动关系,劳务派遣单位需要延续行政许可有效期的，应当在有效期届满多少日前向许可机关提出延续行政许可的书面申请？,有效期届满60日前。
劳动关系,劳务派遣单位以欺骗、贿赂等不正当手段和隐瞒真实情况或者提交虚假材料取得行政许可的，许可机关应当予以撤销。被撤销行政许可的劳务派遣单位在多长时间内不得再次申请劳务派遣行政许可？,1年内。
养老保险,用人单位缴纳基本养老保险的缴费基数？,本单位职工工资总额。
养老保险,用人单位缴纳基本养老保险的比例？,20%。
养老保险,企业职工缴纳基本养老保险的缴费基数？,企业职工以本人上年度月平均工资为缴纳基本养老保险费的基数。职工本人月平均工资收入超过本市（州）上年度全部职工月平均工资收入300%，以300%作为个人缴费基数；低于上年度全部职工月平均工资60%，以60%作为个人缴费基数。
养老保险,参加基本养老保险人员的退休待遇领取地怎样确定？,"基本养老保险关系在户籍所在地的,由户籍所在地负责办理待遇领取手续;
基本养老保险关系不在户籍所在地,而在其基本养老保险关系所在地累计缴费年限满10年的,在该地办理待遇领取手续;
基本养老保险关系不在户籍所在地,且在其基本养老保险关系所在地累计缴费年限不满10年的,将其基本养老保险关系转回上一个缴费年限满10年的原参保地办理待遇领取手续;
基本养老保险关系不在户籍所在地,且在每个参保地的累计缴费年限均不满10年的,将其基本养老保险关系及相应资金归集到户籍所在地,由户籍所在地按规定办理待遇领取手续。
缴费年限,除另有特殊规定外,均包括视同缴费年限。
"
养老保险,个体工商户经营者及其招用的从业人员参加养老保险缴费比例是什么？,缴费比例为20%，其中，个体工商户招用的从业人员个人缴费比例为8%，经营者为从业人员缴费比例为12%。
养老保险,个体参保人员的退休年龄有何规定？,男年满60周岁、女年满55周岁。其中，曾在用人单位工作、后以个人身份续保和曾以个人身份参保、后又参加工作的女性，在用人单位生产岗位工作累计满5年且按规定缴费的，也可按50周岁执行;曾以个人身份参保后又参加工作的女性，在 50周岁后在生产岗位工作方满5年的，也可以按本人申请时间办理退休手续。
养老保险,个体工商户及其招用的从业人员参加养老保险缴费比例？,个体工商户经营者及其招用的从业人员参加基本养老保险，缴费比例为20%，其中，个体工商户招用的从业人员个人缴费比例为8%，经营者为从业人员缴费比例为12%。
养老保险,新参保人员是否可以向前补缴养老保险？,不可以。
养老保险,在审核参保人员享受基本养老保险待遇条件时，当本人身份证与档案记载的出生时间不一致时，以哪个出生时间为准？,以本人档案最先记载的出生时间为准。
养老保险,以个体身份参保且无用人单位工作经历的，其出生时间如何确定？,以身份证记载的出生年月为准。
养老保险,企业职工正常退休年龄如何规定？,男年满60周岁、女工人年满50周岁、女干部年满55周岁。
养老保险,特殊工种提前退休年龄如何规定？,男年满55周岁、女年满45周岁。
养老保险,病退年龄如何规定？,男年满50周岁、女年满45周岁。
养老保险,女职工在用人单位即做过工人也做过干部的，以哪个身份确定退休年龄？,女职工身份应以50周岁前最后一个连续工作满三年的岗位认定。
养老保险,一直以个体身份参保人员的退休年龄？,男年满60周岁、女年满55周岁。
养老保险,个体工商户经营者及其招用的从业人员退休年龄？,男满60周岁、女满55周岁。
养老保险,曾在用人单位工作、后以个人身份续保和曾以个人身份参保、后又参加工作的女性，什么情况下可以50周岁退休？,在用人单位生产岗位工作累计满5年且按规定缴费的，也可按50周岁执行。
养老保险,曾以个人身份参保后又参加工作的女性，在 50周岁后在生产岗位工作方满5年的，是否可以按本人申请时间办理退休？,可以。
养老保险,从事高空和特别繁重体力劳动提前退休特殊工种的年限有什么规定？,必须在该工种岗位上工作累计满10年。
养老保险,从事井下和高温工作提前退休特殊工种的年限有什么规定？,必须在该工种岗位上工作累计满9年。
养老保险,从事有害身体健康工作提前退休特殊工种的年限有什么规定？,必须在该工种岗位上工作累计满8年。
养老保险,申请退职的年龄？,"经劳动能力鉴定完全丧失劳动能力的参保人员申请退职的,不受年龄限制。"
养老保险,享受基本养老保险待遇最低缴费年限规定？,累计缴费年限满15年。
养老保险,病退条件如何规定？,因病或非因工致残，经省劳动能力鉴定委员会鉴定为完全丧失劳动能力的，退休年龄为男年满50周岁、女年满45周岁，累计缴费满15年。
养老保险,申报参加因病退休劳动能力鉴定，需要满足哪些条件？,"(一)公务员和参照《公务员法》管理的事业单位、社会团体工作人员，企事业单位职工，国有改制企业解除劳动关系人员;
(二)到2017年12月31日前，男年满50周岁、女年满45周岁(以档案最早记载为准)，申请退职的,不受年龄限制；
(三)缴纳养老保险费(含视同缴费)满15年；
(四)有效的诊断证明、按照医疗机构病历管理有关规定复印或者复制的检查、检验报告等完整病历材料。
"
养老保险,无故不参加病退劳动能力鉴定，是否可以重新申报？,两年内不得再次申报。
养老保险,吉林省从何时开始建立基本养老保险个人账户？,1995年7月1日。
养老保险,养老保险累计缴费年限如何规定？,累计缴费年限是指实际缴费年限与视同缴费年限之和。实际缴费年限为1995年7月1日（建立基本养老保险个人账户）以后的缴费年限;视同缴费年限为建立个人账户以前，符合有关政策规定的连续工龄年限。
养老保险,提前退休对养老保险待遇有什么影响？,除个人账户养老金部分以外的基本养老金，每提前一年减发2%。
养老保险,参加企业职工基本养老保险的城镇个体工商户、自由职业者、灵活就业人员，中断缴费时间超过3年的，如何补缴养老保险费？,申请补缴养老保险费时，按8%记入个人账户部分以欠费各年度当地在岗职工平均工资为缴费基数；按12%划入社会统筹部分以本人申请补缴时当地上年度在岗职工平均工资为缴费基数。
养老保险,由于单位无能力承担，企业应缴纳的社会保险费是否允许职工个人承担？,不允许。
养老保险,参保人员在失业期间是否还应缴纳养老保险费？,参保人员在失业期间可以不缴纳基本养老保险费，不计算缴费年限，其个人账户储存额予以保留和计息。
养老保险,曾以个人身份参保女性退休年龄？,曾以个人身份参保或续保的女性，必须在用人单位生产岗位工作累计满5年且按职工政策缴费，其退休年龄方可按50周岁执行。50周岁后在生产岗位工作满5年的，经本人申请，也可以按本人申请时间办理退休手续
养老保险,未达到待遇领取年龄前，是否可以终止基本养老保险关系并办理退保手续？,不可以。
养老保险,"基本养老保险关系不在户籍所在地,在其基本养老保险关系所在地累计缴费多少年可以在该地办理待遇领取手续？",10年。
养老保险,"军人退役基本养老保险关系转移至安置地后,安置地应为其办理登记手续并接续养老保险关系,退役养老保险补助年限是否可以计算为安置地的实际参保缴费年限？",是。
养老保险,"退役军人跨省流动就业的,其在1998年1月1日至2005年12月31日间的退役养老保险补助,转出地应按什么标准计算转移资金？",11%。
养老保险,有关退休年龄的具体规定是什么？,男年满60周岁、女工人年满50周岁、女干部年满55周岁。从事国家和省规定提前退休工种达到规定年限的职工，退休年龄为男年满55周岁、女年满45周岁；因病或非因工致残，经省劳动能力鉴定委员会鉴定为完全丧失劳动能力的，退休年龄为男年满50周岁、女年满45周岁。列入国家关闭破产计划企业中的职工，男年满55周岁、女工人年满45周岁、女干部年满50周岁。女职工身份应以50周岁前最后一个连续工作满三年的岗位认定，属于生产岗位的，应认定为工人，从事管理岗位工作的，应认定为干部。
养老保险,基本养老保险关系不在户籍所在地，且在其基本养老保险关系所在地累计缴费年限不满10年的，在哪里办理退休领取待遇手续？,将其基本养老保险关系转回上一个缴费年限满10年的原参保地办理待遇领取手续。
养老保险,基本养老保险关系不在户籍所在地，且在每个参保地的累计缴费年限均不满10年的，在哪里办理待遇领取手续？,将其基本养老保险关系及相应资金归集到户籍所在地，由户籍所在地按规定办理待遇领取手续。
养老保险,由于各地政策或建立个人账户时间不一致等客观原因，参保人员在跨省转移接续养老保险关系时，转出地无法按月提供1998年1月1日之前缴费信息或者提供的1998年1月1日之前缴费信息无法在转入地计发待遇的，如何计算视同缴费年限？,转入地应根据转出地提供的缴费时间记录，结合档案记载将相应年度计为视同缴费年限。
养老保险,跨省流动就业人员转移接续养老保险关系时，对于符合国家规定一次性缴纳养老保险费超过3年（含）的，转出地应向转入地提供哪些手续？,提供人民法院、审计部门、实施劳动保障监察的行政部门或劳动争议仲裁委员会出具的具有法律效力证明一次性缴费期间存在劳动关系的相应文书。
养老保险,参保人员跨省流动就业转移基本养老保险关系时个人账户储存额如何转移？,1998年1月1日之前按个人缴费累计本息计算转移，1998年1月1日后按计入个人账户的全部储存额计算转移。
养老保险,以个人身份参加城镇企业职工基本养老保险的参保人员，在跨省流动就业转移时统筹基金如何转移？,除记入个人账户的部分外，缴费比例高于或低于12%的，均按12%的标准计算转移金额。转移时为临时基本养老保险缴费账户的，缴费比例高于12%的，按实际缴费比例计算转移金额；低于12%的，按12%计算转移金额。
养老保险,参保人员在2010年1月1日之前在非户籍所在地(以省为单位，下同)就业参保、2010年1月1日之后男性年满50周岁和女性年满40周岁的，参保人员在中断缴费期间男性年满50周岁和女性年满40周岁的，参保地是否可以将其基本养老保险关系调整为临时基本养老保险缴费账户？,不可以。
养老保险,男性年满50周岁和女性年满40周岁的人员，首次参保地为非户籍所在地的如何办理？,参保地应为其建立临时基本养老保险缴费账户。
养老保险,跨省流动就业参保人员在建立临时基本养老保险缴费账户期间迁入户籍的，从何时起将其临时基本养老保险缴费账户调整为基本养老保险关系？,从迁入的次月起将其临时基本养老保险缴费账户调整为基本养老保险关系。
养老保险,参保人员达到待遇领取条件、尚未办理待遇领取手续期间，户籍发生变动的，如何确定户籍所在地？,在确定户籍所在地时，以其达到待遇领取条件的年龄时点为准。
养老保险,重复领取基本养老金如何处理？,重复领取基本养老金的参保人员，由本人与社会保险经办机构协商确定保留其中一个养老保险关系并继续领取待遇，其他的养老保险关系应予以清理，个人账户剩余部分一次性退还本人。
养老保险,参保人员在跨省流动就业转移基本养老保险关系时，曾办理一次性预缴养老保险费的如何处理？,先按规定比例计算转移金额；余额部分由转出地暂时保留封存，待本人达到待遇领取条件时再按有关规定处理。
养老保险,跨省转移接续了基本养老保险关系的参保人员，在达到待遇领取条件、核定基本养老保险待遇时，缴费工资指数如何确定？,以本人在各参保地的缴费工资和待遇领取地相对应各年度职工平均工资计算本人的缴费工资指数，并以此计算本人指数化平均缴费工资和基础养老金。
养老保险,参保人员流动就业，同时在两地以上存续基本养老保险关系的，在办理转移接续基本养老保险关系时如何处理？,按本人自愿的原则确定保留其中一个基本养老保险关系和个人账户。同期其他关系予以清理，个人账户本金退还本人，利息转入保留的个人账户，相应的个人缴费年限不重复计算。将多重养老保险关系理顺后，再办理基本养老保险关系转移接续手续。
养老保险,对于参保人员出国定居或到香港、澳门、台湾地区定居的，基本养老保险关系如何处理？,应按国家有关规定办理终止基本养老保险关系手续，并全额退还个人账户储存额。其中，在建立临时基本养老保险缴费账户期间出国定居或到香港、澳门、台湾地区定居的，由原保留基本养老保险关系所在地社会保险经办机构负责办理终止基本养老保险关系手续，并全额退还个人账户储存额；临时基本养老保险缴费账户所在地社会保险经办机构负责办理临时缴费账户的个人账户储存额清退工作，期间的单位缴费不再转回原保留基本养老保险关系所在地。
养老保险,在建立临时基本养老保险缴费账户期间死亡的参保人员，如何处理清退个人账户储存额？,参加基本养老保险人员缴费期间死亡，以城镇个体工商户及其帮工、自由职业者、灵活就业人员身份缴费的，由保留基本养老保险关系所在地和临时缴费账户所在地经办机构将个人缴费部分全部返还给法定继承人；以单位职工身份缴费的，退还个人账户储存额。对在不同时段分别以上述两种身份参保的人员，个人缴费的清退按上述两种办法分段计算。
养老保险,参保人员在省内流动就业时，如何转移基本养老保险关系？,只转移基本养老保险关系和个人账户档案，不转移基金。
养老保险,吉林省内转移接续养老保险关系人员确定待遇领取地时，对其户籍地有何规定？,户籍所在地以男50周岁和女40周岁前最后一个户籍所在地为准。
养老保险,未达到领取基本养老金条件的个人，因病或者非因工死亡的丧葬补助金标准是什么？,1200元。
养老保险,企业退休人员死亡丧葬费标准？,1200元。
养老保险,退休人员被判刑，能否继续领取养老金？,退休人员被判徒刑后，服刑期间不能领取养老金，刑满释放后养老金仍按服刑前的标准发放。被判徒刑期间，可以继续享受基本养老保险待遇，但基本养老金不作调整。
养老保险,对因个人未及时接续养老保险关系及欠费导致未按期办理手续人员，养老金待遇如何计发？,原则上应自办理手续并补齐欠费下月起计发基本养老金，期间国家和省出台的调整基本养老金政策同时开始享受；
养老保险,领取基本养老保险待遇人员死亡后，其遗属一次性救济金标准？,以参保人死亡当月基本养老金待遇标准为基数计算。
养老保险,参保人员从城乡居民养老保险转入城镇职工养老保险如何转移？,城乡居民养老保险个人账户全部储存额，包括政府补贴、集体补助、利息，并入城镇职工养老保险个人账户，城乡居民养老保险缴费年限不合并计算或折算为城镇职工养老保险缴费年限。
养老保险,参保人员从城镇职工养老保险转入城乡居民养老保险如何转移？,城镇职工养老保险个人账户全部储存额并入城乡居民养老保险个人账户，参加城镇职工养老保险的缴费年限合并计算为城乡居民养老保险的缴费年限。
养老保险,参保人员是否可以同时领取城镇职工养老保险和城乡居民养老保险待遇？,不可以。
养老保险,参加城镇职工养老保险和城乡居民养老保险人员，何时申请办理城镇职工养老保险和城乡居民养老保险制衔接手续？,达到城镇职工养老保险法定退休年龄后，可以申请办理城镇职工养老保险和城乡居民养老保险制度衔接手续。
养老保险,已经按照国家规定领取养老保险待遇的人员，是否可以办理城乡养老保险制度衔接手续？,不可以。
养老保险,单位和个人在缴纳养老保险费是要交税吗？,企业按规定缴纳的社会保险费进入生产成本，免于缴税；个人缴纳社会保险费不计征个人所得税。
城居保,城乡居民养老保险待遇领取条件？,"符合条件的参保人员从年满60周岁的次月起按月领取城乡居民养老保险待遇。
制度实施时，已年满60周岁的参保人员不用缴费，可按月领取基础养老金。"
城居保,城乡居民养老保险如何变更缴费档次？,参保人员若需调整缴费金额，应在进行当年缴费前办理缴费档次变更登记手续；当年未变更缴费档次的，按上年度选定的缴费档次进行扣款；当年已经完成缴费后变更的缴费档次将在下一年度扣款时生效。
城居保,参保人员是否可以注销城乡居民养老保险关系？,参保人员出现死亡、出国（境）定居、保险关系转出或已享受城镇职工基本养老保险、机关事业单位养老保险等其他社会养老保障待遇的，应终止其城乡居民养老保险关系，并进行注销登记。
城居保,因故未参加城乡居民养老保险的个人，在其申请参保时已年满60周岁，如何办理？,应补缴且只能补缴规定年限养老保险费，补缴不享受政府补贴，从补缴完成的次月起领取养老金。
城居保,城乡居民养老保险是否可以在非户籍地参保？,不可以。
城居保,个人参加城乡居民养老保险的缴费标准？,缴费标准目前设为每年100元、200元、300元、400元、500元、600元、700元、800元、900元、1000元、1500元、2000元12个档次，市（州）、县（市、区）政府可以根据实际情况增设缴费档次，但最高缴费档次标准原则上不超过当地灵活就业人员参加职工基本养老保险的最低年缴费额。
城居保,城乡居民养老保险个人缴费100元政府补贴标准？,30元。
城居保,城乡居民养老保险个人缴费200元政府补贴标准？,40元。
城居保,城乡居民养老保险个人缴费300元政府补贴标准？,50元。
城居保,城乡居民养老保险个人缴费400元政府补贴标准？,60元。
城居保,城乡居民养老保险个人缴费500元政府补贴标准？,70元。
城居保,城乡居民养老保险个人缴费600元政府补贴标准？,80元。
城居保,城乡居民养老保险个人缴费700元政府补贴标准？,90元。
城居保,城乡居民养老保险个人缴费800元政府补贴标准？,100元。
城居保,城乡居民养老保险个人缴费900元政府补贴标准？,110元。
城居保,城乡居民养老保险个人缴费1000元政府补贴标准？,120元。
城居保,城乡居民养老保险个人缴费1500元政府补贴标准？,145元。
城居保,城乡居民养老保险个人缴费2000元政府补贴标准？,170元。
城居保,政府对城乡居民养老保险参保人缴费按档次给予补贴的标准分别是什么？,每人每年补贴标准为：缴费100元补贴30元、缴费200元补贴40元、缴费300元补贴50元、缴费400元补贴60元、缴费500元补贴70元、缴费600元补贴80元、缴费700元补贴90元、缴费800元补贴100元、缴费900元补贴110元、缴费1000元补贴120元、缴费1500元补贴145元、缴费2000元补贴170元，所需资金由省和市、县（市）政府按6:4的比例分担。对选择2000元以上档次缴费的，补贴办法由市（州）、县（市、区）政府确定，省政府仍按170元的60%比例承担补贴资金，地方政府自行承担提高部分的补贴资金。对重度残疾人等缴费困难群体，市（州）、县（市、区）政府为其代缴不低于最低档次标准的养老保险费。
城居保,城乡居民养老保险基础养老金标准？,基础养老金计发标准为每人每月80元。各县（市、区）政府可以根据实际情况提高基础养老金标准。对累计缴费15年的参保人，每多缴1年，基础养老金每月增加5元。
城居保,城乡居民养老保险个人账户养老金标准？,个人账户养老金月计发标准为个人账户全部存储额除以139。
城居保,参保人死亡，个人账户如何处理？,参保人死亡，个人账户资金余额可以依法继承。
城居保,已经投保城乡居民养老保险人员，在缴纳社保期间或已缴纳完后死亡，是否其社保本金退回?,全额返还个人账户余额给法定继承人。
城居保,以前是城乡居民养老保险，现在是职工养老保险能否把以前的保险补缴成为职工的养老保险？ ,不可以。
城居保,想缴纳城乡居保，缴费档次怎样确定? ,缴费档次自愿选择。
城居保,社保工资开了一年，去世了，本金还没开回来，剩余部分可以继承吗？,剩余部分可以返还给法定继承人。
城居保,参加城乡居民养老保险的参保人，在缴费期间出现户籍迁移，养老保险关系是否可以转移接续？ ,缴费期间可以迁移，享受待遇后不可迁移。
城居保,城乡居民养老保险参保人员由于个人欠费影响养老保险待遇申领的，是否补发？,城乡居民养老保险参保人员由于个人欠费影响养老保险待遇申领的，是否补发？
城居保,城乡居民养老保险参保人员个人未及时办理手续，从何时开始领取待遇？,从退休年龄次月补发待遇。
城居保,对城乡居保制度实施时已年满60周岁人员何时发放基础养老金？,办理参保登记手续后次月按规定发放基础养老金。
失业保险,领取失业金期间享受城镇职工基本医疗保险的期限如何确定？,缴纳基本医疗保险费的期限与领取失业保险金期限相一致。
失业保险,缴纳失业保险费的基数和比例？,用人单位按照本单位上年度工资总额的0.7％缴纳失业保险费。
失业保险,缴纳失业保险费的基数和比例？,职工个人按照本人上年度工资的0.3％缴纳失业保险费。
失业保险,什么是非本人意愿中断就业？,"非因本人意愿中断就业通常指下列情况：
（1）劳动合同期满自然终止劳动合同的；
（2）用人单位依法破产或关闭、解散解除劳动合同的；
（3）非本人主动提出辞职或自动离职被用人单位提前解除劳动合同的；
（4）因本人过失被用人单位开除、除名、辞退的；
（5）职工因用人单位以暴力、威胁或者非法限制人身自由的手段强迫劳动而提出解除劳动合同的；
（6）职工因用人单位未按照劳动合同约定支付劳动报酬或者提供劳动条件而提出解除劳动合同的；
（7）法律、行政法规及规章另有规定的。"
失业保险,享受失业保险待遇应具备哪些条件？,"按照规定，享受失业保险待遇应同时具备下列条件：
（1）非因本人意愿中断就业的；
（2）依法办理了失业保险登记，并有求职要求的；
（3）依法参加了失业保险，所在用人单位和本人按规定履行缴费义务满１年的。"
失业保险,领取失业保险金的期限未满，现在找到新工作，如果再次失业是否还可以继续领取失业保险金？,重新就业后再次失业的人员，其缴纳失业保险费时间按重新参加失业保险之日起计算。如前次失业应当领取的失业保险金期限未能足期，可与本次失业时应领取失业保险金期限合并计算。但是，合并计算领取失业保险金期限时，累计期限最长不得超过24个月。
失业保险,领取失业保险金期间死亡有什么待遇？,失业人员在领取失业保险金期间死亡的，其家属可向社会保险局申领一次性丧葬补助金和供养直系亲属抚恤金。
失业保险,女性失业人员在领取失业金期间的生育保险待遇？,可领取一次性生育补助金，标准为300元。
失业保险,失业人员累计缴费满1年不足2年，可以领取几个月失业保险金？,领取3个月失业保险金。
失业保险,失业人员累计缴费满2年不足3年，可以领取几个月失业保险金？,领取6个月失业保险金。
失业保险,失业人员累计缴费满3年不足4年，可以领取几个月失业保险金？,领取9个月失业保险金。
失业保险,失业人员累计缴费满4年不足5年，可以领取几个月失业保险金？,领取12个月失业保险金。
失业保险,失业人员累计缴费满5年不足6年，可以领取几个月失业保险金？,领取14个月失业保险金。
失业保险,失业人员累计缴费满6年不足7年，可以领取几个月失业保险金？,领取15个月失业保险金。
失业保险,失业人员累计缴费满7年不足8年，可以领取几个月失业保险金？,领取16个月失业保险金。
失业保险,失业人员累计缴费满8年不足9年，可以领取几个月失业保险金？,领取17个月失业保险金。
失业保险,失业人员累计缴费满9年不足10年，可以领取几个月失业保险金？,领取18个月失业保险金。
失业保险,失业人员累计缴费满10年以上，领取失业保险金的年限如何确定？,从第10年开始，累计年限每增加一年，增加2个月失业保险金，但最长为24个月。
失业保险,失业人员申领失业保险金的时限有何规定？,失业人员应在解除或终止合同之日起60日之内，到受理其单位失业保险业务的社会保险经办机构申领失业保险金。
失业保险,失业保险金如何发放？,失业保险金由社会保险经办机构从办理失业登记之日起计发失业保险金并按月发放。
失业保险,吉林省失业保险金标准是多少？,长春市区（不含九台区）失业保险金标准为每人每月1256元。吉林市区失业保险金标准为每人每月1184元。四平、辽源、通化、白山、松原市区，延吉市、珲春市、前郭县的失业保险金标准为每人每月1035元。白城市区、长白山管委会、长春市九台区、白山市江源区及其他县（市）的失业保险金标准为每人每月960元。
失业保险,职工因为工资低而主动辞职，是否能享受失业保险待遇？,失业人员主动辞职的情况下不能享受失业保险待遇。
失业保险,失业人员前后合并计算领取失业保险金期限时，前后失业时失业保险金的标准不一致如何处理？,按现行标准执行。
失业保险,失业人员重新就业的，是否可以继续享受失业保险待遇？,失业人员重新就业的，应停领失业保险金及其他失业保险待遇。
失业保险,失业人员领取失业保险金的期限如何确定？,"失业人员领取失业保险金的期限，按照用人单位和失业人员本人共同履行失业保险缴费义务的累计缴费年限确定：
累计缴费满1年不足2年，可以领取3个月失业保险金；
满2年不足3年，可以领取6个月失业保险金；
满3年不足4年，可以领取9个月失业保险金；
满4年不足5年，可以领取12个月失业保险金；
满5年不足6年，可以领取14个月失业保险金；
满6年不足7年，可以领取15个月失业保险金；
满7年不足8年，可以领取16个月失业保险金；
满8年不足9年，可以领取17个月失业保险金；
满9年不足10年，可以领取18个月失业保险金；
年限满10年以上的，从第10年开始，累计年限每增加一年，增加2个月失业保险金，但最长为24个月。"
失业保险,享受社会保险补贴的人员能否享受失业保险待遇？,不享受失业保险待遇。
医疗、生育保险,城镇职工基本医疗保险单位缴费基数如何确定？,单位缴费基数统一按该市 （地区）上年度在岗职工平均工资额乘以本单位在职职工总人数计算。
医疗、生育保险,城镇职工基本医疗保险个人的缴费基数如何确定？,本人上年度月平均工资。
医疗、生育保险,城镇职工基本医疗保险单位缴费费率如何确定？,单位缴费费率不低于6%，参加单建统筹基本医疗保险的单位，单位缴费费率不低于4%。
医疗、生育保险,城镇职工医疗保险个人缴费费率如何确定？,2%。
医疗、生育保险,城镇职工基本医疗保险缴费年限满多年可享受退休人员基本医疗保险待遇？,城镇职工基本医疗保险累计缴费年限 （含视同缴费年限）为男满30年，女满25年。其中，实施城镇职工基本医疗保险以前符合国家规定的连续工龄或工作年限为视同缴费年限，实施城镇职工基本医疗保险后，基本医疗保险缴费年限从参保缴费之日起开始计算，参保人实际累计缴费年限最低为15年。职工达到国家规定退休年龄且符合上述条件的，可享受退休人员基本医疗保险待遇。 
医疗、生育保险,城镇职工基本医疗保险实际缴费年限不足15年的，退休后怎么办？,实施城镇职工基本医疗保险后，实际缴费年限累计不满15年的，按退休前一年的缴费标准一次性补足所差年限的基本医疗保险费后，可享受相对应的退休人员基本医疗保险待遇。
医疗、生育保险,城镇职工基本医疗保险统筹基金起付标准是多少？,起付标准：现阶段市级 （地区）统筹的基本医疗保险统筹基金起付标准可在200元至1000元之间合理确定。
医疗、生育保险,生育保险缴费比例如何确定？,"缴费比例原则上不得超过职工工资总额的0.7%。具体比例由统筹地区人民政府确定。但超过0.7%的,应当报省人民政府批准。对生育保险基金累计结余超过9个月的统筹地区，应将生育保险基金费率调整到用人单位上年度职工工资总额的0.5%以内。"
医疗、生育保险,机关和财政全额拨款事业单位生育保险缴费比例如何确定？,不得超过职工工资总额的0.4%。
医疗、生育保险,职工个人是否缴纳生育保险费？,职工个人不缴纳生育保险费。
医疗、生育保险,生育津贴标准如何确定？,"按照女职工所在用人单位上年度职工月平均工资计发,从生育保险基金中支付。"
医疗、生育保险,生育津贴标准低于女职工本人工资怎么办？,差额部分由用人单位补足。
医疗、生育保险,机关和财政全额拨款事业单位女职工生育或者终止妊娠是否享受生育津贴？,"不享受生育津贴,休假期间工资由用人单位照发。"
医疗、生育保险,"参加生育保险男职工配偶无工作单位,其配偶可以享受生育或计划生育医疗费用的标准是什么？","符合国家和省计划生育规定,生育或者实施计划生育手术所发生的医疗费用,按照男职工所在统筹地区生育医疗费、计划生育手术费定额补贴标准的50%,从生育保险基金中支付。"
医疗、生育保险,由于用人单位原因没有为职工缴纳生育保险费的，职工如何维护自身权益？,职工所发生的生育费用应由用人单位按照《吉林省城镇职工生育保险办法》规定由用人单位给予支付。
工伤保险,哪些情形可以认定为工伤？,"（一）在工作时间和工作场所内，因工作原因受到事故伤害的；
（二）工作时间前后在工作场所内，从事与工作有关的预备性或者收尾性工作受到事故伤害的；
（三）在工作时间和工作场所内，因履行工作职责受到暴力等意外伤害的；
（四）患职业病的；
（五）因工外出期间，由于工作原因受到伤害或者发生事故下落不明的；
（六）在上下班途中，受到非本人主要责任的交通事故或者城市轨道交通、客运轮渡、火车事故伤害的；
（七）因工作环境存在有毒有害物质造成中毒伤害，并经安监部门确认的；
（八）在用人单位食堂就餐造成食物中毒伤害，并经食品药品监管部门确认的；
（九）受用人单位指派前往疫区工作或公出，并经县级以上医疗机构诊断感染疫病的；
（十）参加用人单位组织或者受单位指派参加体育比赛、文艺表演受到意外伤害的。
（十一）法律、行政法规规定应当认定为工伤的其他情形。"
工伤保险,申请工伤认定需要提交哪些材料？,"（一）工伤认定申请表；
（二）劳动（人事）合同复印件，或者其他能够证明职工与用人单位存在劳动（人事）关系的材料；
（三）医疗机构出具的受伤救治诊断证明书、职业病诊断机构出具的职业病诊断书或者职业病鉴定机构出具的职业病鉴定书；
（四）工伤认定时根据不同情形，申请时还应当提供经办部门要求的其他证明。"
工伤保险,劳动能力鉴定的费用由谁支付?,"初次劳动能力鉴定所需费用，用人单位依法缴纳工伤保险费的，由工伤保险基金支付；用人单位未依法缴纳工伤保险费的，由用人单位支付。
申请再次鉴定或者复查鉴定的，由申请方预交鉴定费，再次鉴定或者复查鉴定结论与原鉴定结论一致的，鉴定费用由申请方承担；再次鉴定或者复查鉴定结论与原结论不一致的，鉴定费用按前款规定执行。"
工伤保险,职工因工死亡，其近亲属有哪些待遇？,"职工因工死亡，其近亲属按照下列规定从工伤保险基金领取丧葬补助金、供养亲属抚恤金和一次性工亡补助金：
（一）丧葬补助金为6个月的统筹地区上年度职工月平均工资；
（二）供养亲属抚恤金按照职工本人工资的一定比例发给由因工死亡职工生前提供主要生活来源、无劳动能力的亲属。标准为：配偶每月40%，其他亲属每人每月30%，孤寡老人或者孤儿每人每月在上述标准的基础上增加10%。核定的各供养亲属的抚恤金之和不应高于因工死亡职工生前的工资。供养亲属的具体范围由国务院社会保险行政部门规定；
（三）一次性工亡补助金标准为上一年度全国城镇居民人均可支配收入的20倍。
伤残职工在停工留薪期内因工伤导致死亡的，其近亲属享受前款规定的待遇。
一级至四级伤残职工在停工留薪期满后死亡的，其近亲属可以享受前款第（一）项、第（二）项规定的待遇。"
工伤保险,工伤职工有哪些情形，停止享受工伤保险待遇？,"（一）丧失享受待遇条件的；
（二）拒不接受劳动能力鉴定的；
（三）拒绝治疗的。"
工伤保险,工伤伤残等级为五级至十级的工伤职工一次性伤残就业补助金支付标准是什么？,"一次性伤残就业补助金的支付标准：五级伤残的为16个月本人工资，六级伤残的为14个月本人工资，七级伤残的为11个月本人工资，八级伤残的为9个月本人工资，九级伤残的为7个月本人工资，十级伤残的为5个月本人工资。伤残职工距法定退休年龄不足5年的，一次性伤残就业补助金按每减少一年递减20%标准支付。距法定退休年龄不足1年的，一次性伤残就业补助金按标准的10%支付，达到退休年龄的不计发。
职工在同一单位发生两次以上工伤的，按其最高伤残等级计算一次性伤残就业补助金后，每多一次工伤增加20%。"
工伤保险,用人单位没有按照规定提出工伤认定申请怎么办？,工伤职工或者其近亲属、工会组织在事故伤害发生之日或者被诊断、鉴定为职业病之日起1年内，可以提出工伤认定申请。
工伤保险,在工作时间和工作岗位，突发疾病死亡或者在48小时之内经抢救无效死亡的是否可以视同工伤？,可以。
工伤保险,在抢险救灾等维护国家利益、公共利益活动中受到伤害的是否可以视同工伤？,可以。
工伤保险,职工原在军队服役，因战、因公负伤致残，已取得革命伤残军人证，到用人单位后旧伤复发的是否可以视同工伤？,可以。
工伤保险,工伤伤残等级为五级至十级的工伤职工一次性工伤医疗补助金支付标准是什么？,"一次性工伤医疗补助金的支付标准：五级伤残的为18个月一次性工伤医疗补助金的支付标准：五级伤残的为18个月本人工资，六级伤残的为16个月本人工资，七级伤残的为13个月本人工资，八级伤残的为11个月本人工资，九级伤残的为9个月本人工资，十级伤残的为7个月本人工资。患职业病的工伤职工，一次性工伤医疗补助金在上述标准基础上增加30%。
职工在同一单位发生两次以上工伤的，按其最高伤残等级计算一次性工伤医疗补助金，每多一次工伤增加20%。"
工伤保险,职工因工致残被鉴定为五级伤残的，享受哪些待遇？,"（一）从工伤保险基金支付一次性伤残补助金，标准为18个月的本人工资；
（二）保留与用人单位的劳动关系，由用人单位安排适当工作。难以安排工作的，由用人单位按月发给伤残津贴，标准为本人工资的70%，并由用人单位按照规定为其缴纳应缴纳的各项社会保险费。伤残津贴实际金额低于当地最低工资标准的，由用人单位补足差额。
经工伤职工本人提出，该职工可以与用人单位解除或者终止劳动关系，由工伤保险基金支付一次性工伤医疗补助金，标准为18个月本人工资，患职业病的工伤职工，一次性工伤医疗补助金在上述标准基础上增加30%。由用人单位支付一次性伤残就业补助金，标准为16个月本人工资。"
工伤保险,职工因工致残被鉴定为六级伤残的，享受哪些待遇？,"（一）从工伤保险基金支付一次性伤残补助金，标准为16个月的本人工资；
（二）保留与用人单位的劳动关系，由用人单位安排适当工作。难以安排工作的，由用人单位按月发给伤残津贴，标准为本人工资的60%，并由用人单位按照规定为其缴纳应缴纳的各项社会保险费。伤残津贴实际金额低于当地最低工资标准的，由用人单位补足差额。
经工伤职工本人提出，该职工可以与用人单位解除或者终止劳动关系，由工伤保险基金支付一次性工伤医疗补助金，标准为16个月本人工资，患职业病的工伤职工，一次性工伤医疗补助金在上述标准基础上增加30%。由用人单位支付一次性伤残就业补助金，标准为14个月本人工资。"
工伤保险,什么是劳动能力鉴定？,是劳动功能障碍程度和生活自理障碍程度的等级鉴定。
工伤保险,劳动能力鉴定委员会应当自收到劳动能力鉴定申请之日起多少日内作出劳动能力鉴定结论？,60日内作出劳动能力鉴定结论，必要时，作出劳动能力鉴定结论的期限可以延长30日。
工伤保险,申请鉴定的单位或者个人对设区的市级劳动能力鉴定委员会作出的鉴定结论不服的，可以在收到该鉴定结论之日起多少日内提出再次鉴定？,15日。
工伤保险,自劳动能力鉴定结论作出多长时间可以申请劳动能力复查鉴定？,1年后。
工伤保险,职工治疗工伤发生的费用，不属于工伤保险基金支付范围的怎么办？,由用人单位和工伤职工各承担50%。
工伤保险,工伤职工停工留薪期待遇怎样支付？,用人单位不得解除劳动关系，按本人工伤前12个月平均工资和福利支付停工留薪期待遇。
工伤保险,工伤职工停工留薪期内需要护理的，用人单位不派人护理的怎么办？,按照统筹地区上年度在岗职工平均工资１人的标准支付护理费。
工伤保险,工伤职工住院进行工伤医疗、工伤康复及配置辅助器具期间的伙食补助费的标准是什么？,按照统筹地区上年度职工日平均工资10%的标准，由工伤保险基金支付。
工伤保险,工伤职工停工留薪期多长时间？,停工留薪期一般不超过12个月。伤情严重或者情况特殊，经设区的市级劳动能力鉴定委员会确认，可以适当延长，但延长不得超过12个月。
工伤保险,职工因工致残被鉴定为一级伤残的一次性伤残补助金的标准？,27个月的本人工资。
工伤保险,职工因工致残被鉴定为二级伤残的一次性伤残补助金的标准？,25个月的本人工资。
工伤保险,职工因工致残被鉴定为三级伤残的一次性伤残补助金的标准？,23个月的本人工资。
工伤保险,职工因工致残被鉴定为四级伤残的一次性伤残补助金的标准？,21个月的本人工资。
工伤保险,职工因工致残被鉴定为一级的伤残津贴标准是多少？,本人工资的90%。
工伤保险,职工因工致残被鉴定为二级的伤残津贴标准是多少？,本人工资的85%。
工伤保险,职工因工致残被鉴定为三级的伤残津贴标准是多少？,本人工资的80%。
工伤保险,职工因工致残被鉴定为四级的伤残津贴标准是多少？,本人工资的75%。
工伤保险,一级至四级工伤的伤残津贴标准有何规定？,职工因工致残被鉴定为一级至四级伤残的，从工伤保险基金按月支付伤残津贴，标准为：一级伤残为本人工资的90%，二级伤残为本人工资的85%，三级伤残为本人工资的80%，四级伤残为本人工资的75%。伤残津贴实际金额低于当地最低工资标准的，由工伤保险基金补足差额。
工伤保险,职工因工致残被鉴定为五级伤残的，一次性伤残补助金的标准是多少？,18个月的本人工资。
工伤保险,职工因工致残被鉴定为六级伤残的，一次性伤残补助金的标准是多少？,16个月的本人工资。
工伤保险,职工因工致残被鉴定为五级伤残的，难以安排工作的，待遇怎样支付？,由用人单位按月发给伤残津贴，标准为为本人工资的70%，并由用人单位按照规定为其缴纳应缴纳的各项社会保险费。
工伤保险,职工因工致残被鉴定为六级伤残的，难以安排工作的，待遇怎样支付？,由用人单位按月发给伤残津贴，标准为本人工资的60%，并由用人单位按照规定为其缴纳应缴纳的各项社会保险费。
工伤保险,职工因工致残被鉴定为五级伤残的，一次性工伤医疗补助金的标准是多少？,18个月本人工资。
工伤保险,职工因工致残被鉴定为六级伤残的，一次性工伤医疗补助金的标准是多少？,16个月本人工资。
工伤保险,职工因工致残被鉴定为五级伤残的，一次性伤残就业补助金的标准是多少？,16个月本人工资。
工伤保险,职工因工致残被鉴定为六级伤残的，一次性伤残就业补助金的标准是多少？,14个月本人工资。
工伤保险,职工因工致残被鉴定为七级级伤残的，一次性伤残补助金的标准？,13个月的本人工资。
工伤保险,职工因工致残被鉴定为八级伤残的，一次性伤残补助金的标准？,11个月的本人工资。
工伤保险,职工因工致残被鉴定为九级伤残的，一次性伤残补助金的标准？,9个月的本人工资。
工伤保险,职工因工致残被鉴定为十级伤残的，一次性伤残补助金的标准？,7个月的本人工资。
工伤保险,职工因工致残被鉴定为七级伤残的，一次性工伤医疗补助金的标准？,13个月本人工资。
工伤保险,职工因工致残被鉴定为八级伤残的，一次性工伤医疗补助金的标准？,11个月本人工资。
工伤保险,职工因工致残被鉴定为九级伤残的，一次性工伤医疗补助金的标准？,9个月本人工资。
工伤保险,职工因工致残被鉴定为十级伤残的，一次性工伤医疗补助金的标准？,7个月本人工资。
工伤保险,职工因工致残被鉴定为七级伤残的，一次性伤残就业补助金的标准？,11个月本人工资。
工伤保险,职工因工致残被鉴定为八级伤残的，一次性伤残就业补助金的标准？,９个月本人工资。
工伤保险,职工因工致残被鉴定为九级伤残的，一次性伤残就业补助金的标准？,７个月本人工资。
工伤保险,职工因工致残被鉴定为十级伤残的，一次性伤残就业补助金的标准？,5个月本人工资。
工伤保险,停工留薪期需要护理的，用人单位需要承担什么责任？,"停工留薪期内需要护理的，由用人单位指派专人护理。用人单位不派人护理的，按照统筹地区上年度在岗职工平均工资１人的标准支付护理费。
已享受生活护理待遇的，用人单位可不再派人护理。"
工伤保险,工伤职工可以通过哪些方式进行维权？,可以通过劳动仲裁、行政复议和行政诉讼等方式进行维权。
工伤保险,申请工伤认定的职工或者其近亲属、该职工所在单位对工伤认定结论不服的怎么办？,用人单位或者个人可以依法申请行政复议，或者向人民法院提起行政诉讼。
工伤保险,工伤职工住院进行工伤医疗、工伤康复及配置辅助器具期间的伙食补助费的标准是什么？,按照统筹地区上年度职工日平均工资10％的标准，由工伤保险基金支付。工伤保险经办机构同意到统筹地区以外就医的，食宿费分别按照统筹地区上年度职工日平均工资20％和60％的标准，由工伤保险基金支付。
社会保障卡,什么是社会保障卡？,社会保障卡，全称为“中华人民共和国社会保障卡”，是指由人力资源和社会保障部统一规划，省级、地市级人力资源和社会保障部门联合合作商业银行面向个人发行，具有身份凭证、信息记录、自助查询、就医结算、缴费和待遇领取等社会保障应用功能，以及现金存取、转账、消费等金融应用功能的集成电路卡，是持卡人享受人力资源和社会保障权益的信息载体。社会保障卡主要用于人力资源和社会保障领域政府社会管理和公共服务，为持卡人提供从出生到生命终结贯穿一生的服务，并可进一步扩展承载政府其他公共服务事项。
社会保障卡,社会保障卡的基本功能有哪些？,社会保障卡是持卡人享有社会保障和公共就业服务权益的电子凭证，具有信息记录、信息查询、业务办理等基本功能，可加载金融功能并扩展应用至其他公共服务领域。
社会保障卡,社会保障卡建设原则是什么？,一卡多用，全国通用。
社会保障卡,全国社会保障卡发行和应用工作由什么机构负责管理？,由人力资源社会保障部负责管理。
社会保障卡,本地区社会保障卡发行和应用工作由什么机构负责管理？, 省、地市级人力资源社会保障部门负责管理本地区社会保障卡发行和应用工作。
社会保障卡,社会保障卡发行和技术管理的有关事务由什么机构承担？,由所在地人社部门的信息化综合管理机构具体承担。
社会保障卡,如何咨询社会保障卡的政策信息？,可以拨打全12333电话，也可到社会保障卡官方网站及“吉林人社”微信公众平台咨询。
社会保障卡,社会保障卡临时卡管理有何规定,社会保障卡临时卡不得丢失、损毁，在领取正式卡时需交回社会保障卡临时卡，由经办人员在社会保障卡管理系统进行收回操作，如有丢失、损毁需按规定交付工本费。
社会保障卡,社会保障卡是否可以选择邮寄服务？,可以。申领人在申领社会保障卡时可以选择社会保障卡的邮寄服务，但需自行承担邮寄费用。
社会保障卡,社会保障卡卡面印刷信息有什么？,印有持卡人姓名、相片、社会保障号码、联名银行卡卡号等基本信息。
社会保障卡,首次申领社会保障卡怎样收费？,首次申领社会保障卡免费。
社会保障卡,申请人在办理申领手续时，应当向人社部门提供申请人的什么材料？,申请人在办理社会保障卡申领手续时应提供身份证等有效身份证件，未成年人需家长携带户口本协同办理，新生儿需家长携带新生儿落地保险单和户口本等有效证件。
社会保障卡,城镇职工怎样选择社会保障卡联名银行？,可以由用人单位统一选择社会保障卡联名银行。
社会保障卡,城镇居民怎样选择社会保障卡联名银行？,由城镇居民自主选择社会保障卡联名银行。
社会保障卡,农村居民怎样选择社会保障卡联名银行？,原则上以城镇居民户籍所在地新农保基金户所在银行为社会保障卡联名银行。
社会保障卡,社会保障卡申领期限有何规定？,一般为60个工作日，交通不便的地区，办理时间可以适当延长，但延长不得超过30个工作日。
社会保障卡,对于超过一年未能领取的社会保障卡，以及因死亡、出国（境）定居等原因无法发放的社会保障卡，由什么机构做回收处理？,由省级社会保障卡管理服务机构做回收处理。
社会保障卡,激活金融账户需持什么证件和资料？,应当持本人有效身份证件和社会保障卡。未成年和新生儿需家长携带户口本等有效证件协同办理。
社会保障卡,社会保障卡挂失分为几种？,临时挂失和正式挂失。
社会保障卡,什么情形下持卡人应当申请换领社会保障卡？,（1）社会保障卡有效期满的；（2）社会保障卡损坏、卡面污损残缺不能辨认的或影响使用的；（3）持卡人相貌与卡面相片相差较大的；（4）持卡人姓名、社会保障号码、社会保障卡联名银行变更的。
社会保障卡,第一代社会保障卡什么时候必须升级为加载金融功能的社会保障卡？,按照我省规定，在2017年年底前第一代社会保障卡必须升级为加载金融功能的社会保障卡。
社会保障卡,社会保障卡设置哪些密码？,人社账户密码和金融账户密码。
社会保障卡,吉林省社会保障卡联名银行有哪些？,工商银行、农业银行、中国银行、建设银行、交通银行、邮政储蓄银行、吉林银行、农村信用联社。
社会保障卡,如何查询社会保障卡的制卡进度及领取地点？,可以拨打12333电话进行查询，具体步骤为：首先按数字键选择所在地区；其次按1选择信息查询；然后按1选择社保卡信息查询；再按2选择制卡进度查询，输入身份证号（“X”以“*”号键代替，按#号键结束）；最后按1确认，将反馈您的制卡进度或领取地点。
社会保障卡,社会保障卡是否可以代领？,可以代领，但不能激活社会保障卡金融账户。
社会保障卡,代领社会保障卡需要提供什么材料？,代领时需代办人持本人身份证、申领人身份证、申领人户口簿、《社会保障卡申请回执单》到人社部门指定窗口办理。
社会保障卡,临时卡可使用多长时间？,临时卡可使用2个月，特殊情况可以延长使用时间，最长不超过6个月。
社会保障卡,社会保障卡邮寄费用支付标准是什么？,同城邮寄的费用是每张10元，省内邮寄的费用是每张12元，跨省邮寄的费用是每张16元。
社会保障卡,持社会保障卡做跨省异地就医结算时应注意哪些事项？,持卡人必须持符合国家规范的加载金融功能的社会保障卡。到医疗保险经办部门办理跨省异地就医备案手续，办理手续时需对社会保障卡进行跨省异地就医通用性测试。
社会保障卡,申领人在哪里可以申领社会保障卡？,申请人可通过人力资源和社会保障部门社会保障卡服务窗口、网上服务平台以及合作的商业银行窗口直接申领，或者通过社会保障卡联名银行、用人单位、就读学校及人力资源社会保障部门委托代办的其他机构代为申领。
社会保障卡,申领社会保障卡的有效证件包括哪些？,包括居民身份证、户口簿、港澳居民来往内地通行证、台湾居民来往大陆通行证、护照、外国人永久居留证等。
社会保障卡,在我省哪些人可以申领社会保障卡？,吉林省内居住的中国公民，以及在吉林省内就业或者参保的港澳台人员、华侨、外国人，都可以申领社会保障卡。
社会保障卡,我省社会保障卡金融账户有哪些优惠政策？,免收小额账户管理费、开卡费、年费等各项金融收费，同时享受同行、跨行存取社会保障资金手续费用减免等优惠政策，具体标准按合作银行相关规定执行。
社会保障卡,社会保障卡丢失如何补办？,应立即拨打12333或登入社保卡服务网站进行临时挂失，然后持个人有效身份证件到社会保障卡综合服务窗口、联名银行网点分别办理人社账户和金融账户的正式挂失手续，按要求缴纳工本费，补办社会保障卡。
社会保障卡,个人原因造成社会保障卡的补换怎样收费？,由联名银行收取工本费。
社会保障卡,加载金融功能社会保障卡与传统社会保障卡相比有什么优点？,"更安全，金融应用和社保应用系统相互独立，使用金融账户时输入金融账户密码，使用社保应用时输入社保账户密码；
更便捷：社会保障、银行金融等功能结合在一起，在就医结算、缴费、待遇领取及现金存取、转账支付、个人理财等各方面将更为方便快捷。"
社会保障卡,为什么加载金融功能的社会保障卡安全性更高？,社会保障卡在制作时会植入密钥和序列号，同时加载了身份验证功能，提高安全性
社会保障卡,社会保障卡综合服务大厅可以经办哪些业务？,社会保障卡综合服务大厅可经办社会保障卡申领、个人信息审核、卡挂失解挂、卡密码重置、卡补换、卡注销、临时卡发放、人社业务综合自助服务等。
社会保障卡,哪些人群可以申请社会保障卡上门激活服务？,对人员集中的大型企业、社区（行政村）及行动不便的老年人、残疾人，社会保障卡服务机构可以上门办理激活手续。
社会保障卡,持卡人领取社会保障卡后，如何变更个人基本信息？,姓名、性别、身份证号等基本信息不可变更，单位名称、通讯地址、个人电话号码可到服务窗口申请变更，也可在网络服务平台自助变更。
社会保障卡,如何激活社会保障卡的人社账户？,持卡人领取社会保障卡后，第一次使用社会保障卡经办人社业务即可自动激活。
社会保障卡,建在联名银行的社会保障卡服务窗口必须悬挂什么标识？,建在联名银行的社会保障卡服务窗口必须悬挂省人社厅统一制发的“社会保障卡综合服务大厅”标识。
社会保障卡,社会保障卡相片的技术标准是什么？,相片标准为：358×441像素，小于50KB的白底免冠电子版相片。相片要确保人像面部可见，不允许有掩盖面部的覆盖物、头发、头饰或脸部饰物（如耳环、头巾等），因宗教原因或医学因素不能摘除的，应保证人像面部特征可见。
就业创业,国家坚持的就业方针是什么？,劳动者自主择业、市场调节就业、政府促进就业。
就业创业,国家倡导劳动者树立正确的择业观念，提高就业能力和创业能力；鼓励劳动者怎样做？,自主创业、自谋职业。
就业创业,创业担保贷款期限是多长时间？,个人贷款一般不超过三年，中小微企业为两年。
就业创业,国家建立健全什么制度，依法确保失业人员的基本生活，并促进其实现就业？,失业保险制度。
就业创业,国家采取措施建立健全什么制度，县级以上地方人民政府对有就业要求的初高中毕业生实行一定期限的职业教育和培训，使其取得相应的职业资格或者掌握一定的职业技能？,劳动预备制度。
就业创业,用人单位招用人员，不得以什么样的理由拒绝录用。但是，经医学鉴定传染病源携带者在治愈前或者排除传染嫌疑前，不得从事法律、行政法规和国务院卫生行政部门规定禁止从事的易使传染病扩散的工作？,是传染病病原携带者为由。
就业创业,《就业促进法》明确规定，国家对哪些工种的劳动者，实行职业资格证书制度？,从事涉及公共安全、人身健康、生命财产安全等特殊工种。
就业创业,职业中介机构不得扣押劳动者的哪些证件，或者向劳动者收取押金？,居民身份证和其他证件。
就业创业,国家建立什么制度，开展劳动力资源和就业、失业状况调查统计，并公布调查统计结果？,劳动力调查统计制度和就业登记、失业登记制度。
就业创业,县级以上地方人民政府采取多种就业形式，拓宽公益性岗位范围，开发就业岗位，确保城市有就业需求的家庭实现怎样就业？,至少有一人。
就业创业,如遇违反本法规定，实施就业歧视的，劳动者怎么办?,向人民法院提起诉讼。
就业创业,县级以上人民政府应当建立小额担保贷款服务体系和诚信机制，逐步完善小额担保贷款的风险补偿、贷款奖励、微利项目贴息，降低贷款条件，提高还贷率，完善担保手续。对城镇登记失业人员、高校毕业生、城镇退役军人、残疾人及其他符合条件的自主创业人员，给予哪方面的扶持？,小额贷款。
就业创业,各级人民政府应当创造公平就业环境，消除就业歧视，保障劳动者享有哪些权利？,平等的劳动权利和公平的就业机会。
就业创业,对离校1年内未就业的高校毕业生灵活就业后缴纳的社会保险费，给予一定数额的社会保险补贴，补贴期限最长不超过多长时间？,2年。
就业创业,对毕业2年内的高校毕业生自主创业，并以个人身份缴纳社会保险费的给予不超过多长时间的社会保险补贴？,3年。
就业创业,对新招募且在岗服务满一年的“三支一扶”人员给予一次性安家费标准是多少？,3000元。
就业创业,对贫困县（国家扶贫开发工作重点县）符合条件的个人创业担保贷款，财政部门给予什么贴息方式？,全额贴息。
就业创业,对就业困难高校毕业生给予求职补贴的标准是多少？,1500元。
就业创业,对招用毕业年度高效毕业生，与之签订1年以上劳动合同病为其缴纳社会保险的小微企业，给与多长期限的社保补贴？,1年。
就业创业,对离校1年内未就业的高校毕业生灵活就业后缴纳的社会保险费，给与多长期限的社保补贴？,2年。
就业创业,对毕业2年内的高校毕业生自主创业并以个人身份缴纳社会保险费的，给予多长期限的社会保险补贴？,3年。
就业创业,三支一扶大学生为高校毕业生基层服务项目人员，服务期限是多长？,2年。
就业创业,按照国家的有关规定，申请自主创业的高校毕业生，可以将自己的档案免费放在哪里的政府所属人才交流机构或省内任何一家政府所属的人才交流机构托管？,自己入学前户口所在地。
就业创业,“三支一扶”大学生服务期满落编聘用后几年内不得调转？,3年
就业创业,自何时起，取消收取人事关系及档案保管费、查阅费、证明费、档案转递费等名目的费用？（人社部发【2014】90号）,2015年1月1日。
就业创业,享受职业培训补贴的培训期限最长多长时间？,不超过12个月。
就业创业,毕业多长时间以内离校未就业并且在吉林省进行实名制登记的高校毕业生均可申请参加就业见习？,3年。
就业创业,省属以下普通高校城乡低保家庭全日制高校毕业生（含研究生），到省内乡镇（不含市区街道）以下基层机关、企事业单位就业3整年以后，可按规定申请学费和助学贷款代偿。定向、委培以及在校学习期间已享受免除学费政策的学生除外。代偿标准是多少？，采取分年度代偿的方式，根据其在基层就业年限，最高代偿年限是多少？,代偿标准是每年6000元；最高代偿年限是3年。
就业创业,高校毕业生创业实体（除国家限制的行业外）自进入省级主管部门认定的创业园（孵化基地）之日起多长时间内，免收登记类、证照类和管理类等各项行政事业性收费？,3年。
就业创业,高校毕业生毕业2年内回户籍所在县（市、区）自主创业（以工商部门注册登记时间为准），正常经营6个月以上，依法缴纳并按规定缴纳社会保险费的，给予一次性创业补贴多少钱？所创办企业具有省级以上专利的，给予一次性创业补贴多少钱？其他优惠政策正常享有。,自主创业一次性创业补贴3000元；所创办企业一次性创业补贴1万元。
就业创业,就业专项资金用于哪些就业项目？,职业介绍、职业培训、公益性岗位、职业技能鉴定、特定就业政策和社会保险等的补贴、小额贷款担保基金和微利项目的小额担保贷款贴息，以及扶持公共就业服务。
就业创业,对单位新招用的就业困难人员，并缴纳社会保险费，可向当地县级以上人力资源社会保障部门申请享受为其实际缴纳的基本养老保险、基本医疗保险和失业保险费补贴。不包括就业困难人员个人应缴纳的部分，以及企业和个人应缴纳的其他社会保险费。社会保险补贴期限最长期限是多久？,除对距离法定退休年龄不足5年的可延长至退休，其余人员最长不超过3年。
就业创业,《就业创业证》是记载劳动者就业和失业状况、享受相关就业扶持政策、接受公共就业人才服务等情况的基本载体，是劳动者按规定享受相关就业扶持政策和接受公共就业人才服务的有效凭证，证件中的信息在多大范围内有效？,在全国范围内有效。
就业创业,自主创业人员申请享受社保补贴的标准和期限如何规定？,以符合条件人员实际缴纳的基本养老保险费、基本医疗保险费的50%给予补贴，补贴期限最长不超过3年。
就业创业,哪些人员需要办理《就业创业证》审验？,正在享受扶持政策人员和就业援助对象，其他人员无需审验。
就业创业,办理《就业创业证》需要花钱吗？,《就业创业证》的发放、换发和补发均实行免费服务。
就业创业,进入省内城镇自主创业并以个人身份缴纳社会保险费的，按规定享受什么补贴政策？,社会保险补贴。
就业创业,持有《就业创业证》、《营业执照》自主创业的农民工，享受什么扶持政策，给予财政贴息？,小额担保贷款。
就业创业,中小微企业每吸纳1名符合条件的高校毕业生，政府给予中小企业一次性多少钱的岗位培训补贴？,3000元。
就业创业,对招用毕业年度高校毕业生，与之签订几年以上劳动合同并为其缴纳社会保险费的小微企业，给予最长1年的社会保险补贴？,1年。
就业创业,企业吸纳困难高校毕业生（毕业3年以内，享受城乡居民最低生活保障且连续失业1年以上高校毕业生、“零就业家庭”高校毕业生或残疾高校毕业生），给予用人单位一次性岗位培训补贴和社会保险补贴。企业每吸纳1名符合条件的高校毕业生（签订3年以上劳动合同，工作满1年以上，并参加社会保险），给予用人企业一次性多少岗位培训补贴，所需资金从当地就业专项资金中支出？,5000元。
就业创业,从2016年起，进入公益性岗位的就业困难人员，距法定退休年龄不足5年的可延长至退休，其余人员多长时间期满全部退出？,3年。
就业创业,与用人单位终止或者解除劳动关系的城镇常住人员进行失业登记时，应由本人填写《吉林省失业人员登记表》，并提供什么手续？,经人力资源社会保障部门备案的《解除（终止）劳动合同证明书》、身份证、户口簿或居住证。
就业创业,《就业创业证》中相关记录页面记载内容已满的，由哪里予以换发？,原发证机构。
就业创业,哪些人可以申领《就业创业证》？,"（1）进行就业登记、失业登记的劳动者；
（2）被认定为就业援助对象的劳动者；
（3）享受相关就业扶持政策的劳动者。"
就业创业,创业担保贷款的反担保方式有哪些？,自然人保证反担保、抵押反担保、质押反担保、第三方机构反担保等。
就业创业,对符合贷款条件的个人，其创业担保贷款最高不超过多少万元？,20万元。
就业创业,合伙创业或组织起来共同创业的贷款额度最高为多少？,200万元。
就业创业,对吸纳符合贷款条件人员的劳动密集型中小企业，根据实际情况，合理确定贷款额度，最高不超过多少万元？,400万元。
劳动保障监察,劳动保障监察部门接到投诉，立案受理后多长时间调查结案？,劳动保障行政部门对违反劳动保障法律、法规或者规章的行为的调查，应当自立案之日起60个工作日内完成；对情况复杂的，经劳动保障行政部门负责人批准，可以延长30个工作日。
劳动保障监察,劳动保障监察部门不受理哪些投诉或者举报？,"（一）经过劳动争议仲裁的； 
（二）经过人民法院诉讼裁决的； 
（三）违反劳动保障法律、法规的行为终止后二年内未被发现。"
劳动保障监察,向劳动保障监察部门进行投诉举报的时效期间从什么时候开始计算？,自违反劳动保障法律、法规或者规章的行为发生之日起计算；违反劳动保障法律、法规或者规章的行为有连续或者继续状态的，自行为终了之日起计算。
劳动保障监察,用人单位拖欠劳动者工资如何解决？,"（1）向当地劳动保障监察机构投诉举报； 
（2）向当地劳动争议仲裁委员会申请仲裁；
（3）对劳动仲裁裁决不服的通过诉讼途径解决。"
劳动保障监察,劳动保障监察发生管辖争议，如何处理？,报请共同的上一级劳动保障行政部门指定管辖。
劳动保障监察,案件调查终结时，劳动保障行政部门应当依照规定作出哪些处理结果？,"（一）违法情节轻微的，责令限期改正；
（二）依法应当给予行政处罚的，按照有关法律、法规的规定作出行政处罚决定；构成犯罪的，移送司法机关处理；
（三）违反劳动保障法律、法规的事实不存在的，应当立即销案。"
劳动保障监察,劳动者入职不满一个月，拒绝与用人单位签订劳动合同的，用人单位如何处理？,自用工之日起一个月内，经用人单位书面通知后，劳动者不与用人单位订立书面劳动合同的，用人单位应当书面通知劳动者终止劳动关系，无需向劳动者支付经济补偿，但是应当依法向劳动者支付其实际工作时间的劳动报酬。
劳动保障监察,用人单位超过一个月不满一年没有与劳动者签订劳动合同的，劳动者如何处理？,"劳动者可向劳动保障行政部门举报投诉，用人单位自用工之日起超过一个月不满一年未与劳动者订立书面劳动合同的，应当依照劳动合同法第八十二条的规定向劳动者每月支付两倍的工资，并与劳动者补订劳动合同；
劳动者不与用人单位订立书面劳动合同的，用人单位应当书面通知劳动者终止劳动关系，并依照劳动合同法第四十七条的规定支付经济补偿。"
劳动争议仲裁,《中华人民共和国劳动争议调解仲裁法》从什么时间开始执行？,2008年5月1日执行。
劳动争议仲裁,劳动争议仲裁委员会收到仲裁申请后，应当在多长时间内作出受理或不受理的决定？,收到仲裁申请之日起五日内做出是否受理决定。
劳动争议仲裁,发生劳动争议可以通过哪些途径解决？,发生劳动争议，劳动者可以与用人单位协商，也可以请工会或者第三方共同与用人单位协商，达成和解协议。 发生劳动争议，当事人不愿协商、协商不成或者达成和解协议后不履行的，可以向调解组织申请调解；不愿调解、调解不成或者达成调解协议后不履行的，可以向劳动争议仲裁委员会申请仲裁；对仲裁裁决不服的，除本法另有规定的外，可以向人民法院提起诉讼。
劳动争议仲裁,劳动者与单位发生了劳动争议应该向哪里申请劳动仲裁？,劳动争议由劳动合同履行地或者用人单位所在地的劳动争议仲裁委员会管辖。
劳动争议仲裁,劳动仲裁是否收费？,劳动争议仲裁不收费。劳动争议仲裁委员会的经费由财政予以保障。
劳动争议仲裁,劳动争议仲裁受理哪些劳动争议？,"（1）因确认劳动关系发生的争议； 
（2）因订立、履行、变更、解除和终止劳动合同发生的争议； 
（3）因除名、辞退和辞职、离职发生的争议； 
（4）因工作时间、休息休假、社会保险、福利、培训以及劳动保护发生的争议； 
（5）因劳动报酬、工伤医疗费、经济补偿或者赔偿金等发生的争议； 
（6）法律、法规规定的其他劳动争议。"
劳动争议仲裁,申请劳动仲裁，多长时间可以结案？,应当自劳动争议仲裁委员会受理仲裁申请之日起四十五日内结束。案情复杂需要延期的，经劳动争议仲裁委员会主任批准，可以延期并书面通知当事人，但是延长期限不得超过十五日。
劳动争议仲裁,申请劳动仲裁后，劳动争议仲裁委员会逾期未作出仲裁裁决的怎么办？,劳动争议仲裁委员会逾期未作出仲裁裁决的，当事人可以就该劳动争议事项向人民法院提起诉讼。
劳动争议仲裁,双方当事人分别向劳动合同履行地和用人单位所在地的仲裁委员会申请仲裁的，由谁负责管辖？,由劳动合同履行地的劳动人事争议仲裁委员会管辖。
劳动争议仲裁,劳动关系存续期间因拖欠劳动报酬发生争议的仲裁时效如何计算？,劳动关系存续期间因拖欠劳动报酬发生争议的，劳动者申请仲裁不受仲裁时效期间的限制；但是，劳动关系终止的，应当自劳动关系终止之日起一年内提出。
劳动争议仲裁,当事人对劳动仲裁裁决不服的，应当如何申诉？,当事人对仲裁裁决不服的，除《中华人民共和国劳动争议调节仲裁法》另有规定的外，可以自收到仲裁裁决书之日起十五日内向人民法院提起诉讼；期满不起诉的，裁决书发生法律效力。
劳动争议仲裁,当事人申请调解后还可以申请仲裁吗？,自劳动争议调解组织收到调解申请之日起十五日内未达成调解协议的，当事人可依法申请仲裁。达成调解协议后，一方当事人在协议约定期限内不履行调解协议的，另一方当事人可以依法申请仲裁。
劳动争议仲裁,劳动争议申请仲裁的时效期间是多少？,劳动争议申请仲裁的时效期间为一年。
劳动争议仲裁,劳动争议申请仲裁的时效期间从什么时候开始计算？,仲裁时效期间从当事人知道或者应当知道其权利被侵害之日起计算。
劳动争议仲裁,仲裁调解书何时生效？,调解书经双方当事人签收后，发生法律效力。
劳动争议仲裁,对发生法律效力的调解书、裁决书，一方当事人逾期不履行的怎么办？,一方当事人逾期不履行的，另一方当事人可以依照民事诉讼法的有关规定向人民法院申请执行。受理申请的人民法院应当依法执行。
劳动争议仲裁,发生劳动争议，当事人可到哪里申请调解?,"（一）企业劳动争议调解委员会；
（二）依法设立的基层人民调解组织；
（三）在乡镇、街道设立的具有劳动争议调解职能的组织。"
职业能力建设,高技能人才主要是指?,高级工、技师和高级技师。
职业能力建设,职业培训的种类包括哪些？,就业技能培训、岗位技能提升培训、创业培训。
职业能力建设,职业资格证书能否网上查询？,能。在国家人社部门户网站上查询。
职业能力建设,国家职业资格等级分为哪几类？,初级工（国家职业资格五级）、中级工（国家职业资格四级）、高级工（国家职业资格三级）、技师（国家职业资格二级）、高级技师（国家职业资格一级）。
职业能力建设,什么是高技能人才评定 “双试点”改革？,一个试点，职业院校可以聘请企业高技能人才授课，受聘对象不受学历、英语、计算机等条件限制，凭借操作技能和对院校授课的贡献，可参评院校讲师系列职称；第二个试点，院校教师到企业锻炼，帮助研发科研成果，可以参评工程师、高级工程师，成为企业的高技能人才。
职业能力建设,省人社厅组建的职教集团的突出特点？,实行“六统一”，即：专业建设统一、招生就业统一、师资交流统一、实训设备调配统一、教材使用统一、职业技能鉴定统一，形成了校企合作、工学一体、精干高效的新格局。
职业能力建设,技工院校毕业证能否网络查询？,能。在国家人社部门户网站上查询。
职业能力建设,享受职业培训补贴的人员范围包括哪些？,贫困家庭子女、毕业年度高校毕业生、城乡未继续升学的初高中毕业生、农村转移就业劳动者、城镇登记失业人员，以及符合条件的企业在职职工。
工资福利,我国机关事业单位的工资制度演变，从建国初期到现在共经历了几次大的工资制度改革？,我国机关事业单位的工资制度演变，从建国初期到现在共经历了四次大的工资制度改革。分别是1956、1985、1993和2006年。
工资福利,现行公务员基本工资构成包括哪些？,职务工资和级别工资。
工资福利,县处级女干部和具有高级职称的女性专业技术人员如本人申请，可以在年满五十五周岁时自愿退休。年满五十五周岁时没有选择自愿退休的人员，可否在年满六十周岁之前选择退休？,党政机关和参照公务员法管理的机关（单位）中的县处级女干部，未选择退休的，在年满六十周岁前还可以根据公务员法有关规定申请提前退休，组织上可以视情况研究确定是否批准。事业单位中担任党务、行政管理工作的相当于正、副处级的女干部和具有高级职称的女性专业技术人员，年满五十五周岁时未选择退休，不可自愿退休。
工资福利,机关公务员2006年工资制度改革工作年限如何计算？,工作年限是指从本人工作当年起根据实际工作时间按年度累加计算至2006年的年限。
工资福利,对县以下机关公务员设置哪几个职级？,对县以下机关公务员设置五个职级，由低到高依次为科员级、副科级、正科级、副处级、正处级。
工资福利,县以下机关公务员能一次晋升两个职级吗？,不能一次晋升两个职级，职级应逐级晋升。
工资福利,县以下机关公务员可以按职级晋升领导或非领导职务吗？,晋升领导或非领导职务，按现行规定执行，不能按职级晋升领导或非领导职务。
工资福利,现行制度下从事业管理岗位调入机关任职年限如何计算？,从事业管理岗位调入机关，原在事业单位管理岗位的任职年限可与机关相同职务的任职年限连续计算。
工资福利,现行制度下事业单位实行什么工资制度？,事业单位实行岗位绩效工资制度。
工资福利,现行制度下岗位绩效工资由哪几部分组成？,岗位绩效工资由岗位工资、薪级工资、绩效工资三部分组成。
工资福利,现行制度下岗位绩效工资制度的基本工资包含什么？,基本工资包含岗位工资和薪级工资。
工资福利,现行制度下岗位工资主要体现什么？,岗位工资主要体现工作人员所聘岗位的职责和要求。
工资福利,现行制度下事业单位岗位分为哪几种岗位？,事业单位岗位分为专业技术岗位、管理岗位和工勤技能岗位。
工资福利,现行制度下专业技术岗位设置多少个等级？,专业技术岗位设置13个等级。
工资福利,现行制度下事业单位管理岗位设置多少个等级？,管理岗位设置10个等级。
工资福利,现行制度下薪级工资主要体现什么？,薪级工资主要体现工作人员的工作表现和资历。
工资福利,现行制度下不同岗位的薪级工资分别有多少薪级？,对专业技术人员和管理人员设置65个薪级，对工勤人员设置40个薪级。
工资福利,现行制度下事业单位工作人员正常晋升工资的办法？,正常增加薪级工资和岗位变动晋升工资。
工资福利,现行制度下绩效工资的构成？,事业单位的绩效工资分为基础性绩效工资和奖励性绩效工资。
工资福利,2006年工资制度改革不计算工龄的在校学习时间是指什么？,不计算工龄的在校学习时间，是指在国家承认学历的全日制大专以上院校未计算为工龄的学习时间。在校学习的时间以国家规定的学制为依据，如短于国家学制规定，按实际学习年限计算；如长于国家学制规定，按国家规定学制计算。出国（境）留学并在国（境）外取得国家教育行政主管部门认可的大专以上学历人员，其未计算工龄的国（境）外学习时间可合并计算为套改年限。实际学习时间短于国家规定的相同学历层次学制时间的，按实际学习年限计算；长于国家规定的相同学历层次学制时间的，按国家规定的学制计算。
工资福利,国家机关工作人员及离退休人员死亡，一次性抚恤金发放标准是什么？,烈士和因公牺牲的，为上一年度全国城镇居民人均可支配收入的20倍加本人生前40个月基本工资或基本离退休费；病故的，为上一年度全国城镇居民人均可支配收入的2倍加本人生前40个月基本工资或基本离退休费。发放一次性抚恤金所需经费仍按现行渠道解决。
工资福利,事业单位工作人员及离退休人员死亡，一次性抚恤金发放标准是什么？,烈士为本人生前80 个月基本工资或基本离退休费，因公牺牲为本人生前40 个月基本工资或基本离退休费，病故为本人生前20个月基本工资或基本离退休费。发放一次性抚恤金所需经费按现行渠道解决。
工资福利,因病死亡的机关事业单位职工，丧葬补助费标准是多少？,凡因病死亡的机关事业单位职工，其丧葬补助费标准按上年单位所在当地职工月平均工资的2倍计发。
工资福利,因工死亡的机关事业单位职工，丧葬补助费标准是多少？,凡因工死亡的机关事业单位职工，按上年单位所在当地职工月平均工资的6倍计发。
工资福利,工作满一年的固定职工与配偶不住在一起，又不能在公休日团聚的，探亲假的天数？,每年给假一次，一次30天。
工资福利,未婚职工探望父母的探亲假的天数？,每年给假一次，一次20天，如两年合休可给假45天。
工资福利,已婚职工探望父母的探亲假的天数？,每4年给假一次，一次20天。
工资福利,职工直系亲属死亡，丧假标准？,职工直系亲属死亡，可给予1至3天的丧假。
工资福利,职工本人婚假标准？,职工本人婚假15天。
工资福利,家机关工作人员病假工资的政策规定是什么？,"工作人员病假在两个月以内的，发给原工资。
工作人员病假超过两个月的，从第三个月起按照：工作年限不满十年的，发给本人工资的百分之九十；工作年限满十年的，工资照发。
工作人员病假超过六个月的，从第七个月起按照：工作年限不满十年的，发给本人工资的百分之七十；工作年限满十年和十年以上的，发给本人工资的百分之八十。"
工资福利,职工探亲假的具体规定是什么？,"工作满一年的固定职工与配偶不住在一起，又不能在公休日团聚的，每年给假一次，一次30天。
未婚职工探望父母的探亲假的，每年给假一次，一次20天，如两年合休可给假45天。
已婚职工探望父母的探亲假的，每4年给假一次，一次20天。"
工资福利,专业技术人员在正常申评上一级职称时，必须符合取得下一级专业技术资格满4年或5年，受聘下一级专业技术岗位任职条件的年限要求是什么？,省属事业单位人员须受聘下一级专业技术岗位满3年以上，市（州）属事业单位人员须受聘下一级专业技术岗位满2年以上，县（市、区）属事业单位人员须受聘下一级专业技术岗位满1年以上的任职条件。
工资福利,自2015年3月1日起，机关事业单位县处级女干部和具有高级职称的女性专业技术人员退休年龄如何确定？,党政机关、人民团体中的正、副县处级及相应职务层次的女干部，事业单位中担任党务、行政管理工作的相当于正、副处级的女干部和具有高级职称的女性专业技术人员，年满六十周岁退休。上述女干部和具有高级职称的女性专业技术人员如本人申请，可以在年满五十五周岁时自愿退休。
专业技术人才,现行职称制度的基础是1986年实施的专业技术职务聘任制度，共设置多少个职称系列？,29个职称系列。
专业技术人才,职称改职后，评审高一级职称时，系列和专业不同的，职称任职年限是否可以连续计算？,不能连续计算。
专业技术人才,职称申评人员的年龄如何规定？,按照申报年的12月31日计算。
专业技术人才,实行“评聘分开”人员参加职称评审的专业工作年限、毕业年限、任现职时间及业绩成果（以实物为准）有效期如何规定？,均按照上一年度的12月31日计算。
专业技术人才,省属高校和全省中小学校等实行“评聘结合”人员评审的业绩成果有效期如何规定？,均按照上一年度12月31日计算（以实物为准）。
专业技术人才,省属高校和全省中小学校等实行“评聘结合”人员评审的专业工作年限、毕业年限、任职时间有效期如何规定？,均按照申报年度的8月31日计算。
专业技术人才,取得资格年限或受聘岗位年限中只一项未达到规定年限的，如何申报？,可按照单破方式进行申报，且须符合规定的破格申报条件。
专业技术人才,管理岗位和专业技术岗位同时任职（“双肩挑”）是指什么？,指因工作需要同时受聘单位领导或内设机构正职领导管理岗位和专业技术岗位的人员。
专业技术人才,吉林省按照什么方式开展初级职称认定工作？,属地管理和归口认定的方式。
专业技术人才,取得博士研究生学历后，且受聘专业技术岗位从事专业技术工作满几年以上的人员，可按照相应系列（专业）副高级职称评审条件申评职称？,两年以上。
专业技术人才,对于不实行岗位管理的单位，以及通用性强、广泛分布在各社会组织的职称系列和新兴职业，可采用什么方式？,评聘分开方式。
专业技术人才,《关于深化职称制度改革的意见》中对职称外语和计算机政策的整体要求？,对职称外语和计算机应用能力考试不作统一要求。确实需要评价外语和计算机水平的，由用人单位或评审机构自主确定评审条件。对在艰苦边远地区和基层一线工作的专业技术人才，以及对外语和计算机水平要求不高的职称系列和岗位，不作职称外语和计算机应用能力要求。
