事项类别,问题描述
仲裁申请,如何申请劳动仲裁？
仲裁申请,仲裁申请书如何填写
仲裁申请,申请仲裁程序是什么
仲裁申请,提交仲裁申请书之后，我要做些什么准备？
仲裁申请,仲裁申请人和被申请人指谁
仲裁申请,请问申请劳动仲裁受理时间是多久？
仲裁申请,仲裁申请书的当事人应当称为什么？
仲裁申请,请问申请劳动仲裁需要什么程序？一般申请后几天会有仲裁结果？
仲裁申请,怎样回复劳动仲裁申请书
仲裁申请,劳动仲裁申请书是手写还是打印？
仲裁申请,仲裁反请求
仲裁申请,仲裁申请期限
仲裁申请,劳动仲裁申请书必须手写吗
仲裁申请,什么叫“申请仲裁”，是向法院起诉吗？
仲裁申请,如何申请劳动仲裁？流程怎么走？
仲裁申请,仲裁申请书 可以有多个申请人吗
仲裁申请,房产纠纷仲裁申请有哪些程序和手续？
仲裁申请,什么是仲裁反请求
仲裁申请,向仲裁委员会申请仲裁应提交什么
仲裁申请,我应该去哪申请劳动仲裁
仲裁申请,"仲裁中的财产,如何申请保全"
仲裁申请,劳动仲裁需要多久能出结果？
仲裁申请,申请劳动仲裁 应该具备什么条件？怎样申请劳动仲裁？
仲裁申请,企业在什么情况下可以申请劳动仲裁
仲裁申请,劳动仲裁立案到开庭大概要多少天？
仲裁申请,申请劳动仲裁要钱吗？
仲裁申请,劳动仲裁从受理到最后仲裁需要多久
仲裁申请,申请劳动仲裁期限多长
仲裁申请,变更1个仲裁申请是否要延期裁决书
仲裁申请,房屋仲裁申请迟迟没有结果怎么办
仲裁申请,劳动仲裁开庭时，还能增加仲裁要求吗？
仲裁申请,申请劳动仲裁了就是等着打官司吗？
仲裁申请,劳动仲裁真的管用吗？
仲裁申请,请问申请仲裁的风险提示有哪些?
仲裁申请,什么是劳动仲裁
仲裁申请,请问申请法律劳动仲裁需要满足哪几个条件？
仲裁申请,"劳动争议仲裁委员会收到仲裁申请后,不予受理或者逾期未作出决定的,应该如何处理?"
仲裁申请,劳动仲裁成功几率大吗 怎么正确申请劳动仲裁
仲裁申请,仲裁请求权属于民事权利吗？
仲裁申请,哪些房地产纠纷不能申请仲裁？
仲裁申请,如何写侵犯商业秘密的劳动仲裁申请书范本
仲裁申请,申请劳动仲裁可以在开庭时变更申请吗？
仲裁申请,怎样申请房产纠纷仲裁，哪些房地产纠纷可以仲裁
仲裁申请,我已经离开公司了，现在还可以申请劳动仲裁吗?
仲裁申请,怎样是恶意申请劳动仲裁
社保个人参保信息查询,社保个人信息查询的登录密码
社保个人参保信息查询,社保
社保个人参保信息查询,"网上查询个人社保信息，社保卡登陆,用户名是什么？"
社保个人参保信息查询,如何查询个人社保信息
社保个人参保信息查询,如何查询社保信息
社保个人参保信息查询,社保查询
社保个人参保信息查询,个人社保查询
社保个人参保信息查询,个人社保信息查询
社保个人参保信息查询,查询个人社保信息
社保个人参保信息查询,请问，社保可以查询到个人的哪些信息呢？
社保个人参保信息查询,不知道社保卡的电脑号怎样在网上查询个人信息
社保个人参保信息查询,"单位查询个人是否新参保,怎么查询"
社保个人参保信息查询,社保个人编号究竟是什么，社保查询
社保个人参保信息查询,个人社保信息查询为什么无法查到详细信息了
社保个人参保信息查询,如何查询个人社保参保时间
社保个人参保信息查询,到哪里查询个人社保情况?要有详细的参保信息及其它信息的
社保个人参保信息查询,社保个人信息改好后几天能从网上查询
社保个人参保信息查询,社保账户查询出现“身份证号不存在”该怎么办
社保个人参保信息查询,请问社保上的个人基本信息能更改吗？
社保个人参保信息查询,社保查询
社保个人参保信息查询,个人社保查询
社保个人参保信息查询,个人社保申请
社保个人参保信息查询,社保申请
社保个人参保信息查询,个人社保如何申请
社保个人参保信息查询,如何申请社保
社保个人参保信息查询,如何申请个人社保
社保卡基本信息,社保卡里面有什么信息
社保卡基本信息,社保卡如何申请
社保卡基本信息,社保卡申请
社保卡基本信息,社保卡申请该怎么做
社保卡基本信息,社保卡查询
社保卡基本信息,社保卡如何查询
社保卡基本信息,社保卡个人信息采集
社保卡基本信息,社保卡个人信息核准中是什么意思
社保卡基本信息,社保卡说您的制卡信息尚未采集，请持本人二代身份证前往社保经办机构核准相关信息
社保卡基本信息,网上怎样查询个人的社保卡号
社保卡基本信息,新的社保卡是什么样的
社保卡基本信息,社会保障信息系统个人编号是不是社保卡卡号
社保卡基本信息,社保卡的用途？
社保卡基本信息,第一代社保卡和第二代社保卡的区别
社保卡基本信息,办理社保卡一般需要多少时间？
社保卡基本信息,怎么查我的社保卡在哪里办理的
社保卡基本信息,社保卡怎么绑定
社保卡基本信息,社保卡的信息要重新提交，可以个人自己去提交么？
社保卡基本信息,网上个人社保卡查询怎么查不到啊
社保卡基本信息,办理社保卡采集的个人信息登记表及相关材料在哪里下载
社保卡基本信息,怎么看社保卡是省保卡还是市保卡
社保卡基本信息,社保卡领取网点查询
社保卡基本信息,个人到银行办理社保卡需要什么资料
社保卡基本信息,扶贫手册里的信息可以录入到社保卡里吗
社保卡基本信息,现代的社保卡有哪些作用？
社保卡基本信息,查询社保卡显示户籍地存在有效的卡信息是怎么回事
社保卡基本信息,社保卡名字更改申请书怎么写?
社保卡基本信息,身份证更换，那么社保卡息要重新办理吗
社保卡基本信息,"办理社保卡信息采集指纹后,找不到个人信息。。是怎么回事？"
社保卡基本信息,"我的社保卡丢了,现在只有身份证,可以查到社保卡号和电脑号吗"
社保卡挂失,社保卡挂失需要多长时间能办好
社保卡挂失,社保挂失
社保卡挂失,社保挂失该怎么办
社保卡挂失,社保卡领到之后，如果有丢失，需要进行挂失，如需挂失社保业务，个人到相关指定网站进行挂失。金融部分功能需要个人去银行挂失。
社保卡挂失,社保卡丢了怎么办
社保卡挂失,社保卡丢失怎么补办
社保卡挂失,社保卡挂失打什么电话？
社保卡挂失,社保卡挂失后多久可以补办，需要带什么资料去输，费用多少？
社保卡挂失,社保卡挂失个体还能缴费吗
社保卡挂失,社保卡挂失后那卡金融帐户卡还有用吗?
社保卡挂失,社保卡在12333微信平台上挂失后怎么用
社保卡挂失,社保卡如何挂失
社保卡挂失,社保卡自己挂失了 公司还能缴费么
社保卡挂失,公司有权利挂失员工的社保卡吗
社保卡挂失,中国社会保障卡丢了如何打电话挂失
社保卡挂失,社保卡挂失，必须本人去办理吗？可以代办吗？
社保卡挂失,社保卡丢了要马上挂失补办么？
社保卡挂失,现在社保卡丢失，挂失要2个月左右～我就想知道制作一张卡和更新一下资料要用多久时间？
社保卡挂失,公司员工的社保卡丢了，去补办需要哪些手续，是个人去补办，还是公司去补办。
社保卡挂失,退休人员社保卡丢失了应该怎么办？
社保卡挂失,"社保卡丢失了有6年了,也未挂失,现在还能挂失补办吗?"
社保卡挂失,社保卡挂失和补办可以去发卡银行办理吗
社保卡挂失,补办社保卡需要多长时间
社保卡挂失,社保卡如何补办和注销重新办理？
社保卡挂失,社保卡不小心丢了，马上补办可以马上用吗？
社保卡挂失,社保卡挂失个体还能缴费吗
社保卡挂失,社保卡丢了可以不挂失直接补办吗
社保卡挂失,打12333挂失社保卡能及时生效吗
社保卡挂失,社会保障卡丢了去哪里挂失？什么部门？
社保卡挂失,社保卡丢了要马上挂失补办么？因为钱包被偷了，社保卡也放钱包里的，但是那张社保卡已经很久没交过社保了，这种情况，还是需要马上挂失补办么？能不能等下次交社保的时候，再一起挂失补办？
社保卡挂失,社保卡挂失了怎么查询余额
社保卡挂失,社保卡如何挂失补办社保卡补办一定要本人去办吗
社保卡挂失,社保卡挂失了别人捡去可以使用吗
社保卡挂失,看病的社保卡丢了，如何办理?
用人单位未按月将缴纳社会保险费的明细情况告知职工本人，由社会保险行政部门责令改正；逾期不改的行政处罚,用人单位未按规定办理缴纳社会保险费应承担哪些法律责任
用人单位未按月将缴纳社会保险费的明细情况告知职工本人，由社会保险行政部门责令改正；逾期不改的行政处罚,在未与员工正式解除劳动关系的情况下，单位私自停缴社会保险，是否违法？
用人单位未按月将缴纳社会保险费的明细情况告知职工本人，由社会保险行政部门责令改正；逾期不改的行政处罚,企业未给员工购买社保，应承担哪些责任
用人单位未按月将缴纳社会保险费的明细情况告知职工本人，由社会保险行政部门责令改正；逾期不改的行政处罚,"没有与单位签合同,如何让用人单位缴纳社会保险"
用人单位未按月将缴纳社会保险费的明细情况告知职工本人，由社会保险行政部门责令改正；逾期不改的行政处罚,"企业辞退职工,一直没交的养老保险企业要给补交吗?"
用人单位未按月将缴纳社会保险费的明细情况告知职工本人，由社会保险行政部门责令改正；逾期不改的行政处罚,公司应在什么时候开始给买社保？
用人单位未按月将缴纳社会保险费的明细情况告知职工本人，由社会保险行政部门责令改正；逾期不改的行政处罚,厂里没帮我买社保，厂里会被罚款？
用人单位未按月将缴纳社会保险费的明细情况告知职工本人，由社会保险行政部门责令改正；逾期不改的行政处罚,劳动合同法实施条例规定什么时间给员工缴纳保险
用人单位未按月将缴纳社会保险费的明细情况告知职工本人，由社会保险行政部门责令改正；逾期不改的行政处罚,公司没给员工办理社会保险，员工可以以此提出辞职吗
用人单位未按月将缴纳社会保险费的明细情况告知职工本人，由社会保险行政部门责令改正；逾期不改的行政处罚,我在用人单位工作2年却没给买保险 我基本工资2300 单位应该补偿多少
用人单位未按月将缴纳社会保险费的明细情况告知职工本人，由社会保险行政部门责令改正；逾期不改的行政处罚,工作一个月公司没有缴纳社保公积金合理吗？
社保卡制卡进度,如何查询社保卡制卡进度
社保卡制卡进度,怎么查询社保卡的发放
社保卡制卡进度,我在网上查我的社保卡办理进度，1年多了还在制卡中，是不是哪里出问?
社保卡制卡进度,怎么查社保卡办理进度
社保卡制卡进度,社保卡在制卡进度显示是`已完成注资'是什么意思
社保卡制卡进度,金融社保卡制卡进度到了哪一步可以去银行取卡？
社保卡制卡进度,怎样在网上查询社保卡制作进度
社保卡制卡进度,查询社保卡办卡进度说未申领是什么意思
社保卡制卡进度,在哪里可以查询，办理社保卡的进度
社保卡制卡进度,社保卡制卡进度查询
社保卡制卡进度,社保卡进度查询不了怎么办呢
社保卡制卡进度,我的社保卡已经拿到了，为什么社保卡制卡进度显示银行开户未完成、制卡情况未完成？
社保卡制卡进度,怎么查询你的社保卡制卡进度，我在社保局网站只能查到这个？我说的是办那种像银行卡那种
社保卡制卡进度,社保卡申请进度怎么老是在制卡中，此状态以持续一年多了，是怎么回事？
社保卡制卡进度,在网上如何查询社保卡制卡情况？
社保卡制卡进度,"社保卡制作进度显示""未制卡"" 是什么意思?我的是卡,没有本子,且每月交都上200多"
社保卡制卡进度,公司说社保卡制卡信息提交了 为啥在网上查不到制卡进度呢
社保卡制卡进度,单位说社保卡资料已经提交两个月了 为什么查询不到制卡流程
社保卡制卡进度,社保卡进度一直都处于制卡照片采集是怎么回事？明明已经有照片了
仲裁机构查询,仲裁机构查询是查询关于仲裁机构的相关信息，将基本条件输入后，可查询各地市仲裁机构基本信息，这样方便用户去查找，更简单、更直观的展现所需要的信息
仲裁机构查询,问一个法律问题。劳动仲裁机构在哪
仲裁机构查询,发生劳动争议向哪级仲裁机构提出申诉求答案
仲裁机构查询,劳动仲裁机构在哪里？投诉具体怎么弄?
仲裁机构查询,劳动仲裁委员会在哪？具体位置 
仲裁机构查询,仲裁是什么意思?仲裁机构和法院又有什么区别呢?
仲裁机构查询,中国都有什么仲裁机构啊？
仲裁机构查询,仲裁机构是指什么？仲裁是什么？
仲裁机构查询,仲裁机构是怎么分类的？中国各市区县的仲裁委员会有那些？需要详细些，越详细越好
仲裁机构查询,仲裁机构都包括那些？
仲裁机构查询,仲裁委员会和仲裁庭都是仲裁机构吗
仲裁机构查询,什么是临时仲裁机构?
仲裁机构查询,仲裁机构具体是干吗的？
仲裁机构查询,仲裁机构是什么机关
仲裁机构查询,怎么选择仲裁机构？
仲裁机构查询,关于仲裁的协议选择仲裁机构的问题
仲裁机构查询,国际仲裁机构有哪些？
仲裁机构查询,哪些机构有权确认仲裁协议的效力
仲裁机构查询,当事人自己选择仲裁机关和仲裁员体现了什么原则
仲裁机构查询,仲裁机构的仲裁协议为什么不具有强制性
仲裁机构查询,在仲裁协议里可以选择不在辖区内仲裁机构仲裁吗？
仲裁机构查询,简述法院主管与仲裁机构主管的关系
仲裁机构查询,合同纠纷当事人一方向仲裁机构申请仲裁，另一方向人民法院起诉的，案件应由 什么 受理
社保卡解挂,社保卡不小心挂失了怎么才能解挂
社保卡解挂,社保挂失后，如何解挂？
社保卡解挂,"社保卡12333客服挂失了,现需解挂怎么做?"
社保卡解挂,社保卡在省外挂失的能解挂吗
社保卡解挂,找到社保卡后怎样解除口头挂失
社保卡解挂,社保卡挂失后又找到该如何解除挂失
社保卡解挂,社保卡挂失后又找到了怎么办
社保卡解挂,社保卡电话挂失如何撤销啊
社保卡解挂,一不小心在人力资源挂失了社保卡怎么解除
社保卡解挂,社保卡挂失了可以撤销不
社保卡解挂,社保卡丢了已打电话挂失，但现在又找到了怎样取消挂失或者还可以怎么办？
社保卡解挂,社会保障卡解除挂失有时间限制吗
社保卡解挂,电话挂失的社保卡怎样解挂
社保卡解挂,医保卡打12333挂失后怎样解挂
社保卡解挂,社保挂失后，如何解挂
社保卡解挂,12333电话挂失一个月后我找到卡了，去社保柜台解挂，其说我卡是正常的，要去银行解挂，然后我又去银行解挂，其又说我卡是正常的，他们这里无须解挂。可我的卡在医保系统在黑名单，无法使用
社保卡解挂,社会保障卡丢了已经临时挂失了又找到了怎么立即解挂
社保卡解挂,社保卡在网上查询时误挂失了怎么办
职业技能鉴定证书查询,军队职业技能证书怎样查询
职业技能鉴定证书查询,人力资源和社会保障部技能鉴定证书编号查询网站是多少啊
职业技能鉴定证书查询,怎样查询国家职业资格证书真伪
职业技能鉴定证书查询,我的职业资格证书怎么查询不到了
职业技能鉴定证书查询,中国邮政职业技能鉴定怎么查询
职业技能鉴定证书查询,职业资格证书是职业技能鉴定中心发的，是真的吗？
职业技能鉴定证书查询,职业资格证书怎样查询，用身份证可以查询吗？
职业技能鉴定证书查询,在什么网址可以查职业技能鉴定证书的资料
职业技能鉴定证书查询,如何查询国家职业资格全国统一鉴定证书
职业技能鉴定证书查询,职业资格证书怎么获取
职业技能鉴定证书查询,职业资格证书有那种？怎么办理？
职业技能鉴定证书查询,国家职业资格证书有哪些？
职业技能鉴定证书查询,职业资格鉴定都有哪些职业？
职业技能鉴定证书查询,职业资格证书和职业技能鉴定证书有什么区别？
省中直机关事业单位工资核定,中直事业单位和省直事业单位待遇有区别吗
省中直机关事业单位工资核定,中直机关的事业编与公务员待遇有何区别
省中直机关事业单位工资核定,省直事业单位工资到底有多少？?
省中直机关事业单位工资核定,省直事业单位工资到底有多少？
省中直机关事业单位工资核定,2015年省直事业单位好考吗，比起公务员，事业单位待遇怎么样
省中直机关事业单位工资核定,机关事业单位工资调整方案中的中人指的是哪类人
省中直机关事业单位工资核定,在外省的中直事业单位待遇享受同城同酬政策吗
省中直机关事业单位工资核定,请问省直属的事业单位编制，是在省里还是在地方上？
省中直机关事业单位工资核定,中国的机关事业单位的工资是不是一定在2015年改革到位
省中直机关事业单位工资核定,2017机关事业单位工资条，一般工资都多少
省中直机关事业单位工资核定,机关事业单位中的工资与学历有关吗
省中直机关事业单位工资核定,非在编机关事业单位聘用人员工资福利标准是怎样的
省中直机关事业单位工资核定,市直机关事业单位编外聘用人员岗位薪酬标准 工资是多少
省中直机关事业单位工资核定,机关事业单位新进人员工资审批表 下面的主管单位 和审批部门分别是指什么部门?
省中直机关事业单位工资核定,中央国家机关在编事业单位在不在这次涨工资范围
省中直机关事业单位工资核定,机关事业单位的人员工资为什么由人社局核定
省中直机关事业单位工资核定,请问大家省直事业单位的工资大概是多少啊？
省中直机关事业单位工资核定,在医院（省直事业单位）工作，一般行政工作人员，不是医生。工资待遇怎么样？
省中直机关事业单位工资核定,机关事业单位调整工资，各省市开始行动了吗
省中直机关事业单位工资核定,机关事业单位已退中人工资何时补发
省中直机关事业单位工资核定,经济较好的县里的事业单位和省直事业单位，对于在编的工作人员哪一个工资较高一些？
省中直机关事业单位工资核定,2016年机关事业单位退休人员工资 调整何时到位
省中直机关事业单位工资核定,2015年机关事业单位工资改革中退休的正厅级增资多少
省中直机关事业单位工资核定,2017机关事业单位退休人员工资怎么规定的及调整最新消息
省中直机关事业单位工资核定,省直事业单位（吉林省）的福利待遇与国有企业（中等规模）有何不同？望给详细比较下！
省中直机关事业单位工资核定,机关事业单位已退休人员改革后工资可增加多少
省中直机关事业单位工资核定,省中直企业退休人涨工资没到位
省中直机关事业单位工资核定,省机关事业单位绩效工资相关文件及标准？
省中直机关事业单位工资核定,机关事业单位离退休人员怎么涨工资
社保个人待遇发放查询,怎样查询个人社保工资多少
社保个人待遇发放查询,12333社保查询怎么个人待遇发放多少？
社保个人待遇发放查询,怎么查询以在领社保工资
社保个人待遇发放查询,怎么在社保局的网上查询个人生育津贴
社保个人待遇发放查询,工资已经发了社保什么时候到账
社保个人待遇发放查询,个人交社保的情况和以后的待遇
社保个人待遇发放查询,社保网站上面查的社保的个人缴费和工资条上面不一样，工资条上面显示的金额是公司交的，这样是对的吗？?
社保个人待遇发放查询,请问个人缴纳社保与单位缴纳社保享受的待遇一样吗？
社保个人待遇发放查询,社保个人发放金额是八月，那么社保缴费是缴到几月份
社保个人待遇发放查询,怎样查询社保个人账户余额
社保个人待遇发放查询,社保账户余额怎么查怎么查社保有多少钱
社保个人待遇发放查询,社保个人账户余额是否就是个人缴纳的那部分金额？
社保个人待遇发放查询,社保卡查询余额怎么为零?
社保个人待遇发放查询,社保查询余额只能查自己交的吗，要是可以查的话怎么查公司交的啊？
社保个人待遇发放查询,没有社保卡怎么查询社保金额
社保个人待遇发放查询,怎样在手机上查询社保卡余额
社保个人待遇发放查询,怎么查询我的社保卡里面的缴费情况？
社保个人待遇发放查询,社保交了一年零9个月了，为什么历年账户余额为0
社保个人养老待遇查询,如何查询企业给个人缴纳的养老保险总额
社保个人养老待遇查询,12333社保查询怎么查退休工资？
社保个人养老待遇查询,怎么查询职工养老保险金.知道的给个网址
社保个人养老待遇查询,个人社会养老保险缴费情况怎么查询
社保个人养老待遇查询,怎样查个人养老金
社保个人养老待遇查询,养老金申请
社保个人养老待遇查询,怎样才能在网上查到养老保险金余额
社保个人养老待遇查询,怎么查询我的个人养老金从哪一年开始交的?
社保个人养老待遇查询,网上怎么查询个人社会养老保险？
社保个人养老待遇查询,如何查找个人养老金缴费情况
社保个人养老待遇查询,怎样查询个人养老金账户余额
社保个人养老待遇查询,自由职业者个人交养老金的有多少可以计入个人账户，个人账户可以查询吗？
社保个人养老待遇查询,怎样在网上查询个人的社保及养老情况？?
社保个人养老待遇查询,如何查询退休金
社保个人养老待遇查询,自由职业者的养老保险个人账户怎么计算
社保个人养老待遇查询,社保享受退休金条件
社保个人养老待遇查询,养老金划入个人账户是什么意思？
社保个人养老待遇查询,查询养老保险金交了多少年，网上该怎么查
个人医保基本信息查询,医保卡能查看到哪些个人信息？
个人医保基本信息查询,医保申请
个人医保基本信息查询,个人医保如何申请
个人医保基本信息查询,如何申请个人医保
个人医保基本信息查询,如何申请医保
个人医保基本信息查询,医保
个人医保基本信息查询,如何查询个人医保编号
个人医保基本信息查询,如何查个人医保账户
个人医保基本信息查询,一般城镇居民基本医保个人账户可以查询哪些信息
个人医保基本信息查询,医疗保险查询个人账户怎么查询?查询密码怎么填？
个人医保基本信息查询,怎么查询个人医疗保险是从什么时候开始交的。
个人医保基本信息查询,医保怎么查询个人账户
个人医保基本信息查询,现在怎么网上查询医保个人明细?
个人医保基本信息查询,个人医保编号是什么
个人医保基本信息查询,医疗保险个人帐户怎么查已缴费年限？
个人医保基本信息查询,个人医保卡余额查询电话是多少
个人医保基本信息查询,怎样查询社保，医保卡信息
个人医保基本信息查询,医保卡查询余额怎么查
个人医保基本信息查询,医保卡号码如何查询
个人医保基本信息查询,怎么查询我的基本医疗保险卡的个人信息?
个人医保基本信息查询,医保卡上面的个人编号能查询个人社保信息吗
个人医保基本信息查询,为什么查询不到医保卡的记录？
个人医保基本信息查询,怎么查个人医保卡欠费
个人医保基本信息查询,医保卡个人账户为什么没有钱？
个人医保基本信息查询,铁路医保卡交易信息如何查询?
个人医保基本信息查询,如何查询个人医保卡每月金额
个人医保封锁信息查询,医保卡划卡提示封锁个人信息是何原因
个人医保封锁信息查询,医保显示正常交到是出现封锁期是怎么回事
个人医保封锁信息查询,医保卡显示因个人原因退保被封锁是怎么回事
个人医保封锁信息查询,怎样查询医保卡以解封
个人医保封锁信息查询,医保卡被封是什么意思
个人医保封锁信息查询,居民城镇医保因为欠费被封锁这个封锁期期怎么算
个人医保封锁信息查询,社保卡医保接口封锁
个人医保封锁信息查询,医保卡待遇被封锁是怎么回事
个人医保封锁信息查询,基本医疗保个人封锁欠费封统筹
个人医保封锁信息查询,"出院后医保卡个人账户上钱没了,就被封锁了、怎么解锁？"
个人医保封锁信息查询,用医保卡套现500，结果医保卡被封了，需要自己去社保局办理解封吗，会有什么惩罚
个人医保封锁信息查询,医保卡冻结了怎么才能用啊
个人医保封锁信息查询,"我的医保卡被封了,但我之前交了医保，比较麻烦的是我交完医保后转地区使用了，现在的地区没把钱到账"
个人医保封锁信息查询,个人医保卡封掉帐号该怎么办?
个人医保封锁信息查询,个人医保卡属于封存状态是什么意思
个人医保封锁信息查询,医保卡被封了怎么办?去哪里可以解封
个人医保封锁信息查询,医保几个月不缴费就封统筹
个人医保封锁信息查询,医保能不能补交啊？为什么个人交的医保部分没有划入个人账户？
社保个人缴费明细查询,个人如何查询社保缴费记录，什么是个人权益记录
社保个人缴费明细查询,如何查询个人社保缴费明细
社保个人缴费明细查询,个人社保交费明细查询
社保个人缴费明细查询,请问怎样查询个人社保缴费情况?
社保个人缴费明细查询,个人社保缴费查询
社保个人缴费明细查询,如何查询与打印社保缴费明细，如何开具社保缴纳证明？
社保个人缴费明细查询,公司去社保中心查询员工社保缴纳明细需要带什么
社保个人缴费明细查询,如何查询个人社会保险缴费记录？
社保个人缴费明细查询,如何查询单位社保缴费明细？
社保个人缴费明细查询,社保查询个人账户明细?
社保个人缴费明细查询,社保查询个人账户明细为什么有名字没有交费信息查询
社保个人缴费明细查询,为什么我查询个人社保缴费明细时，看到参保情况中失业参保情况是空白的
社保个人缴费明细查询,怎样查询个人社保缴费纪录从1986年至1991年的缴费记录
社保个人缴费明细查询,社保缴费明细和公司每月扣我的钱数怎么不一样
社保个人缴费明细查询,如何在社保局网查询社保转移明细
社保个人缴费明细查询,社保明细单如何打印
社保个人缴费基数查询,如何查询个人社保基数和投单位
社保个人缴费基数查询,个人社保基数怎么查
社保个人缴费基数查询,怎么查自己的社保基数
社保个人缴费基数查询,社会保险单位缴费基数如何确定
社保个人缴费基数查询,社会保险个人缴费基数如何确定？
社保个人缴费基数查询,社会保险个人缴费对账单怎么看还有里面的缴费基数是什么意思
社保个人缴费基数查询,为什么社保个人缴纳金额和缴费基数每个月都不一样?
社保个人缴费基数查询,请问社保缴费基数和缴费指数是什么意思
社保个人缴费基数查询,社保个人参保缴费基数选择多少比较合适？
社保个人缴费基数查询,社保的缴费基数是什么意思？
社保个人缴费基数查询,社保缴费基数怎么查?
社保个人缴费基数查询,社保的缴费基数是如何规定的？
社保个人缴费基数查询,如果工资5000社保的各项缴费基数是多少？各项基数与工资之间的比例是多少？
社保个人缴费基数查询,社保的缴费基数是怎么回事，是干嘛用的？?
社保个人缴费基数查询,"关于社保个人缴费基数申报,如何计算上一年度职工月平均工资?"
社保个人缴费基数查询,社保基数与公司和个人缴纳的比例
社保个人缴费基数查询,社保缴纳基数？是以个人的工资多少来计算吗？
社保个人缴费基数查询,社保个人缴费基数按最低交对单位有什么好处
社保个人缴费基数查询,参保基数和缴费基数有什么区别?
社保个人缴费基数查询,请问个人实际工资与社保缴费基数有关联吗？?
社保个人缴费基数查询,如何知道养老保险个人平均缴费基数?
社保个人缴费基数查询,社会保险缴费基数怎么申报
社保个人缴费基数查询,员工的平均工资跟社保缴费基数有什么关系
社保个人缴费基数查询,究竟什么事社保缴费基数啊，就是工资么
社保个人缴费基数查询,个人所得税和社保的缴费基数
社保个人缴费基数查询,为什么我在网上查询社保卡个人信息五险缴费基数时 只有养老和医疗有明确的划入金额其他三项没有信息？
社保个人缴费基数查询,五险的缴费比例和基数如何分配？
社保个人缴费基数查询,养老保险月缴费基数怎么算?
社保个人缴费基数查询,社保缴费基数可以低于实际工资吗
社保个人缴费基数查询,个人缴纳社保基数1与基数0.6退休后有什么不同
个人单位医保封锁信息查询,"医保不能报销原因单位封锁,欠费不能报销,什么意思"
个人单位医保封锁信息查询,单位医保封锁是什么意思
个人单位医保封锁信息查询,个人单位医保封锁信息怎么查询
个人单位医保封锁信息查询,个人单位医保为什么会被冻结
个人单位医保封锁信息查询,个人单位医保为何会被封锁
个人单位医保封锁信息查询,"单位欠缴社保两个月,个人账户会被封锁么"
个人单位医保封锁信息查询,因单位补缴欠费未及时划到个人账户，员工医保卡封锁，现员工住院相关报销问题？
个人单位医保封锁信息查询,单位有个人的医保被封了，封存期间买药什么的还可以报销吗？
个人单位医保封锁信息查询,我已离职单位欠缴十个月医保无法封存新单位上不了保险入不职怎么办
个人单位医保封锁信息查询,单位给上的医疗保险欠费了，不能报销医疗费用那怎么办呀
个人单位医保封锁信息查询,我原单位欠了我一个月的医疗保险没交我现在医保卡用不了应该怎么办
职业技能鉴定准考证查询,职业资格证书忘记准考证号码怎么查询
职业技能鉴定准考证查询,职业技能鉴定准考证丢了怎么查成绩?不知道准考号
职业技能鉴定准考证查询,职业技能鉴定准考证查询
职业技能鉴定准考证查询,职业技能鉴定准考证查询网站是什么
职业技能鉴定准考证查询,职业技能鉴定准考证在哪下载
职业技能鉴定成绩查询,职业技能鉴定成绩查询方式有哪些
职业技能鉴定成绩查询,如何查询职业技能鉴定考试成绩
职业技能鉴定成绩查询,职业技能鉴定成绩查询怎么查
职业技能鉴定成绩查询,职业技能鉴定成绩一开始可以查到，后来在网上查不到了，怎么回事儿
职业技能鉴定成绩查询,如何查询职业技能鉴定考试成绩
职业技能鉴定成绩查询,职业技能鉴定考试结束后多长时间可以查询成绩
个人医保审批信息查询,如何查询个人医保审批信息
个人医保审批信息查询,个人医保审批进度查询
个人医保审批信息查询,"医保审批没下来,办出院时可以先不结账吗"
个人医保审批信息查询,医保申请的详细流程？
个人医保审批信息查询,医保报销受理了能审批过吗
个人医保审批信息查询,医保审批怎么回事?
个人医保审批信息查询,医保报销的时间有多长，需要半年才能审批下来吗？
个人医保审批信息查询,产院办理医保审批都包括哪些免费检查
个人医保审批信息查询,为什么现在城镇医保住院报消要通过社保局审批?
个人医保审批信息查询,大病医保是不是社保局审批了就能用
个人医保审批信息查询,第三类医疗技术纳入医保需要怎样的审批制度
个人医保审批信息查询,工伤医保好久审批一次现在
个人医保审批信息查询,异地医保审批中怎么办理出院
个人医保审批信息查询,医保审批需要哪些材料
